field_goals_attempted,field_goal_percentage,field_goal_3_attempted,field_goal_3_percentage,free_throws_made,offensive_rebounds,defensive_rebounds,assists,steals,blocks,turnovers,points_allowed,points
106,0.453,41,0.341,21,15,38,26,6.0,3,17,136.0,131
96,0.552,43,0.488,16,12,41,33,1.0,5,15,138.0,143
95,0.337,49,0.265,24,14,32,23,9.0,2,14,118.0,101
86,0.535,32,0.375,8,6,30,25,9.0,4,17,118.0,112
99,0.323,35,0.257,15,16,27,20,6.0,8,17,127.0,88
84,0.548,42,0.429,19,5,31,34,7.0,5,18,117.0,129
97,0.515,39,0.487,22,15,37,32,8.0,4,8,118.0,141
94,0.447,36,0.361,23,9,33,30,5.0,5,9,130.0,120
97,0.412,38,0.211,24,14,30,19,5.0,2,13,129.0,112
98,0.439,37,0.216,17,13,40,27,9.0,4,10,107.0,111
85,0.482,35,0.457,31,6,35,22,8.0,6,16,124.0,129
84,0.429,34,0.382,20,9,29,24,11.0,5,17,127.0,105
88,0.534,37,0.432,16,4,27,33,5.0,5,12,135.0,126
108,0.454,40,0.35,28,11,39,29,9.0,8,14,135.0,140
86,0.407,39,0.333,24,12,34,21,7.0,8,14,112.0,107
82,0.524,32,0.406,28,7,37,23,7.0,4,19,120.0,127
84,0.5,30,0.4,19,6,26,22,9.0,6,17,123.0,115
91,0.407,33,0.303,16,10,40,19,6.0,4,11,123.0,100
87,0.483,35,0.314,32,10,38,29,5.0,4,16,117.0,127
92,0.446,47,0.255,20,10,34,28,10.0,2,18,130.0,114
93,0.581,35,0.429,29,12,36,30,7.0,3,14,133.0,152
92,0.457,36,0.306,16,10,27,24,6.0,7,11,140.0,111
102,0.353,35,0.314,19,23,40,21,8.0,3,15,95.0,102
83,0.494,33,0.364,23,9,41,26,9.0,8,23,122.0,117
93,0.43,34,0.294,13,10,22,18,9.0,6,19,136.0,103
82,0.5,40,0.475,20,8,35,21,10.0,6,19,120.0,121
93,0.495,31,0.452,17,12,34,25,3.0,10,15,110.0,123
97,0.33,48,0.25,10,4,29,23,16.0,4,12,108.0,86
89,0.461,29,0.241,12,9,47,19,5.0,9,18,111.0,101
106,0.368,44,0.295,24,16,38,20,6.0,8,11,122.0,115
77,0.455,39,0.462,27,4,30,24,3.0,5,10,123.0,115
82,0.512,32,0.313,22,4,36,22,8.0,4,13,111.0,116
93,0.419,45,0.356,12,6,36,26,6.0,5,14,109.0,106
81,0.481,29,0.31,14,11,41,21,8.0,4,20,93.0,101
86,0.372,34,0.265,8,9,30,24,8.0,5,19,116.0,81
91,0.363,41,0.293,8,8,38,20,10.0,8,18,112.0,86
95,0.474,42,0.357,13,5,32,23,11.0,7,16,121.0,118
105,0.371,48,0.229,23,14,38,17,7.0,5,10,122.0,112
90,0.433,29,0.379,17,6,34,24,8.0,1,16,111.0,106
99,0.455,43,0.349,15,9,27,20,7.0,3,10,143.0,120
86,0.36,42,0.286,22,8,34,18,8.0,5,19,101.0,96
94,0.415,28,0.214,16,12,38,24,6.0,4,15,110.0,100
83,0.422,38,0.342,19,10,31,26,7.0,5,23,136.0,102
95,0.474,54,0.37,11,4,33,30,4.0,6,11,135.0,121
91,0.484,45,0.4,16,11,37,28,8.0,8,13,107.0,122
99,0.434,46,0.326,12,13,29,26,7,2,10,125.0,113
93,0.452,38,0.316,25,13,37,29,7,4,11,108.0,121
82,0.476,40,0.35,17,12,34,28,3,5,19,112.0,109
85,0.482,26,0.346,26,10,40,27,8,3,14,106.0,117
72,0.5,28,0.357,19,6,35,19,5,3,20,106.0,101
88,0.443,42,0.357,21,6,31,24,9,6,10,117.2,114
86,0.407,38,0.237,13,10,34,19,12,5,10,87.0,92
100,0.44,46,0.413,15,14,44,32,5,4,15,125.0,122
77,0.494,34,0.324,24,4,41,23,5,6,11,89.0,111
75,0.44,35,0.2,20,6,39,18,6,2,14,100.0,93
83,0.47,29,0.31,16,7,37,21,6,7,14,104.0,103
76,0.421,38,0.395,23,4,40,18,6,9,17,99.0,102
83,0.47,39,0.436,17,5,45,25,8,4,22,94.0,112
82,0.463,35,0.343,22,10,32,19,4,5,14,106.0,110
87,0.414,31,0.258,22,3,42,15,7,8,10,94.0,102
86,0.512,43,0.442,21,10,33,20,4,5,6,101.0,128
90,0.422,31,0.323,23,16,27,22,12,4,7,101.0,109
88,0.398,35,0.229,12,13,38,22,8,7,18,96.0,90
86,0.512,37,0.432,18,10,36,29,7,7,12,107.0,122
102,0.441,40,0.3,20,13,41,32,9,7,12,119.0,122
96,0.49,46,0.348,12,9,43,27,8,2,14,100.0,122
88,0.568,39,0.513,29,6,37,29,10,10,14,115.0,149
85,0.435,33,0.303,22,14,31,15,7,4,16,112.0,106
77,0.545,30,0.6,26,6,30,24,9,6,14,124.0,128
91,0.407,37,0.297,27,14,34,18,8,5,15,119.0,112
88,0.466,33,0.364,18,10,38,21,9,3,21,137.0,112
86,0.488,33,0.394,20,7,41,21,9,3,17,103.0,117
81,0.444,24,0.208,7,9,24,25,13,1,13,98.0,84
93,0.441,37,0.351,19,11,35,19,9,4,8,111.0,114
92,0.413,37,0.351,15,11,35,22,9,5,13,105.0,104
94,0.372,36,0.278,14,13,32,19,6,6,12,99.0,94
86,0.465,30,0.367,21,13,36,16,10,7,11,106.0,112
103,0.427,49,0.306,17,13,29,24,10,6,15,129.0,120
100,0.39,42,0.31,19,14,40,22,11,6,14,111.0,110
84,0.536,26,0.423,13,9,35,21,7,4,8,103.0,114
90,0.478,39,0.487,13,8,37,19,6,3,14,106.0,118
83,0.458,34,0.382,23,8,36,20,7,3,17,114.0,112
95,0.463,29,0.345,29,16,42,21,5,6,10,117.0,127
103,0.437,43,0.419,33,7,44,22,9,6,14,133.0,141
85,0.435,32,0.344,20,10,38,24,11,4,18,116.0,105
84,0.452,36,0.444,20,14,39,19,6,2,9,111.0,112
86,0.43,37,0.432,22,11,36,23,5,8,13,107.0,112
86,0.535,23,0.565,11,6,35,23,10,6,12,100.0,116
90,0.533,29,0.414,15,11,33,21,10,5,15,115.0,123
80,0.475,30,0.267,32,9,33,15,9,2,10,95.0,116
80,0.5,24,0.25,17,9,26,29,9,5,18,108.0,103
94,0.457,34,0.382,33,14,46,26,4,4,18,129.0,132
76,0.553,28,0.429,8,8,31,32,8,2,21,102.0,104
89,0.438,38,0.342,15,17,33,24,6,2,12,112.0,106
91,0.462,41,0.415,12,11,25,28,10,1,6,126.0,113
85,0.482,22,0.227,17,6,30,30,9,3,13,113.0,104
95,0.453,31,0.355,7,10,24,27,7,2,14,116.0,104
78,0.526,24,0.458,15,9,39,24,5,4,18,94.0,108
97,0.443,37,0.378,25,13,40,25,8,6,12,119.0,125
79,0.481,36,0.361,16,11,29,29,8,2,24,124.0,105
81,0.531,27,0.407,16,10,37,19,3,6,21,108.0,113
94,0.511,28,0.357,21,17,38,25,8,6,17,105.0,127
95,0.368,33,0.212,15,16,29,22,9,1,16,133.0,92
89,0.461,38,0.395,6,9,36,31,4,2,19,109.0,103
92,0.565,35,0.514,12,5,29,34,6,3,14,139.0,134
95,0.432,44,0.364,14,13,33,26,8,3,15,131.0,112
90,0.467,36,0.361,12,15,37,23,7,3,21,115.0,109
97,0.433,34,0.324,16,14,32,25,7,2,11,125.0,111
96,0.5,24,0.375,10,11,34,25,9,6,13,100.0,115
84,0.5,30,0.433,9,11,32,30,5,1,21,118.0,106
96,0.458,33,0.333,13,10,26,24,7,1,8,124.0,112
94,0.34,33,0.333,11,16,37,15,5,4,10,106.0,86
73,0.548,29,0.517,21,7,29,27,5,5,27,118.0,116
92,0.446,36,0.25,18,16,34,18,6,2,15,113.0,109
91,0.418,37,0.378,13,8,32,25,5,6,13,128.0,103
85,0.447,25,0.28,16,10,30,21,4,1,19,128.0,99
89,0.494,37,0.324,11,12,43,22,5,1,14,103.0,111
91,0.527,20,0.25,14,10,29,24,9,5,14,112.0,115
85,0.494,31,0.452,15,11,35,29,7,4,16,115.0,113
84,0.476,25,0.32,15,12,32,15,6,2,20,118.0,103
85,0.459,30,0.467,14,9,33,19,4,0,13,121.0,106
81,0.506,35,0.371,11,7,35,26,6,3,14,109.0,106
87,0.425,38,0.263,13,8,33,21,5,4,14,117.0,97
77,0.416,20,0.2,26,14,46,13,9,4,28,88.0,94
85,0.518,23,0.391,20,6,32,22,7,3,11,129.0,117
96,0.521,29,0.379,10,7,36,19,8,6,23,118.0,121
92,0.435,37,0.459,17,16,44,26,4,10,14,107.0,114
74,0.541,26,0.269,13,10,38,25,7,3,23,98.0,100
90,0.489,35,0.343,13,9,30,30,6,1,10,133.0,113
90,0.456,35,0.429,11,12,33,27,10,3,18,125.0,108
96,0.458,45,0.333,14,11,39,22,6,3,18,109.0,117
89,0.517,32,0.406,5,9,27,29,8,4,15,116.0,110
91,0.396,31,0.226,9,18,27,18,8,2,18,110.0,88
96,0.375,35,0.257,13,11,24,20,4,0,17,141.0,94
83,0.422,34,0.294,7,10,35,22,9,7,16,93.0,87
87,0.552,34,0.294,21,9,31,22,6,4,13,133.0,127
82,0.512,24,0.292,15,5,29,25,8,6,19,112.0,106
96,0.438,30,0.4,17,16,32,30,5,5,19,122.0,113
88,0.477,35,0.343,22,11,34,25,7,8,18,107.0,118
82,0.573,34,0.412,17,5,25,31,4,3,17,140.0,125
82,0.451,29,0.379,24,8,41,25,7,1,14,99.0,109
85,0.447,30,0.3,18,9,39,24,4,1,18,126.0,103
94,0.426,31,0.355,13,15,30,22,12,2,20,106.0,104
92,0.457,47,0.362,23,6,33,22,9,4,11,103.0,124
83,0.506,36,0.417,20,6,37,37,9,5,18,104.0,119
79,0.468,32,0.406,12,5,34,24,8,8,12,75.6,99
90,0.489,35,0.314,21,10,44,28,7,5,25,107.0,120
91,0.418,38,0.368,20,15,38,28,7,6,17,104.0,110
114,0.439,46,0.37,6,15,37,28,8,4,14,127.0,123
100,0.52,39,0.359,16,13,31,37,13,2,15,139.0,134
95,0.421,32,0.219,27,15,37,24,7,3,16,122.0,114
88,0.545,23,0.391,11,12,37,36,12,8,16,104.0,116
86,0.453,27,0.296,23,6,39,31,10,2,20,118.0,109
98,0.469,42,0.405,6,14,38,34,7,5,13,101.0,115
84,0.536,34,0.529,20,9,37,36,8,3,17,115.0,128
86,0.488,35,0.4,20,8,38,31,3,7,17,123.0,118
92,0.533,34,0.412,26,14,36,40,7,5,13,117.0,138
95,0.463,38,0.395,21,16,37,27,8,2,15,117.0,124
87,0.563,38,0.421,11,9,36,38,12,7,21,119.0,125
99,0.384,49,0.286,18,8,41,26,10,6,17,120.0,108
94,0.447,33,0.303,15,16,47,21,6,6,21,117.0,109
95,0.537,34,0.441,22,16,41,30,8,4,19,111.0,139
88,0.534,34,0.382,18,7,34,29,9,11,16,111.0,125
92,0.478,36,0.444,19,18,36,31,7,5,18,108.0,123
82,0.463,27,0.444,18,12,33,24,8,7,17,113.0,106
84,0.464,36,0.389,25,8,33,26,6,3,14,121.0,117
88,0.477,48,0.438,21,5,38,24,7,7,16,116.0,126
86,0.535,41,0.366,23,12,36,32,7,4,21,133.0,130
93,0.548,26,0.423,25,9,36,29,8,9,13,132.0,138
103,0.417,26,0.346,22,17,44,23,6,5,19,110.0,117
100,0.4,45,0.311,11,15,28,29,4,6,16,140.0,105
86,0.558,38,0.474,9,6,37,35,8,6,19,111.0,123
87,0.471,44,0.341,26,12,38,31,7,8,14,108.0,123
94,0.479,31,0.387,24,13,35,23,4,5,6,128.0,126
87,0.437,45,0.356,25,9,35,28,11,3,15,115.0,117
102,0.471,37,0.297,6,9,31,24,4,10,11,123.0,113
102,0.49,44,0.409,9,14,32,32,9,4,9,112.0,127
93,0.462,42,0.429,16,11,38,25,9,2,12,98.0,120
90,0.456,43,0.419,12,14,38,23,9,5,18,100.0,112
93,0.409,35,0.429,11,13,42,23,6,6,12,94.0,102
84,0.5,34,0.353,12,14,32,23,8,6,21,103.0,108
92,0.424,34,0.353,17,5,26,23,14,3,7,110.0,107
97,0.412,38,0.237,13,17,28,27,12,6,17,108.0,102
94,0.479,30,0.367,7,9,31,24,10,5,10,115.0,108
94,0.468,36,0.278,11,12,30,24,7,5,14,107.0,109
89,0.461,35,0.486,16,13,20,26,12,3,8,125.0,115
97,0.536,31,0.387,6,13,26,22,6,4,11,124.0,122
81,0.556,37,0.486,18,10,27,27,15,4,26,117.0,126
83,0.434,38,0.368,18,11,27,18,11,7,25,112.0,104
87,0.425,31,0.226,12,12,26,24,12,3,13,103.0,93
92,0.478,39,0.41,10,10,34,25,9,4,20,126.0,114
88,0.489,32,0.375,13,14,28,23,8,3,18,118.0,111
93,0.495,29,0.448,14,11,29,25,11,1,15,125.0,119
90,0.389,48,0.313,17,17,24,25,10,0,16,129.0,102
86,0.488,34,0.353,22,11,27,27,7,3,13,133.0,118
85,0.529,33,0.182,10,6,28,26,10,3,18,115.0,106
93,0.452,37,0.378,12,14,36,28,8,2,9,109.0,110
85,0.518,33,0.364,18,7,29,24,15,2,9,106.0,118
79,0.392,37,0.216,11,8,35,23,6,4,19,98.0,81
84,0.464,30,0.3,30,12,38,21,9,2,12,110.0,117
92,0.37,48,0.292,16,7,32,18,11,2,16,111.0,98
87,0.552,25,0.36,13,4,22,25,18,4,12,116.0,118
81,0.432,35,0.229,11,6,31,21,8,3,16,100.0,89
85,0.506,38,0.368,15,8,33,26,11,5,15,106.0,115
81,0.457,25,0.24,21,7,31,16,5,5,14,113.0,101
83,0.506,35,0.314,13,9,29,24,11,6,14,99.0,108
80,0.463,41,0.439,13,6,30,16,6,3,15,116.0,105
92,0.446,35,0.4,12,10,29,22,12,2,12,123.0,108
98,0.469,31,0.29,9,17,28,25,10,6,8,118.0,110
80,0.425,34,0.382,23,11,26,23,15,5,15,111.0,104
94,0.394,36,0.306,13,15,30,22,8,5,10,102.0,98
107,0.374,44,0.386,5,14,29,26,10,2,10,123.0,102
87,0.494,31,0.484,15,13,38,22,13,5,17,81.0,116
88,0.398,37,0.351,12,11,36,20,7,5,15,103.0,95
77,0.519,35,0.514,21,11,35,21,8,4,18,107.0,119
97,0.402,37,0.297,21,11,42,25,10,6,15,109.0,110
87,0.494,31,0.29,11,5,26,27,17,6,13,109.0,106
85,0.471,31,0.452,15,12,38,21,12,9,17,106.0,109
90,0.3,34,0.206,12,11,34,20,11,7,12,83.0,73
94,0.574,24,0.458,17,7,35,32,15,7,13,102.0,136
89,0.393,46,0.261,10,9,36,30,6,4,14,93.0,92
80,0.438,36,0.361,22,6,33,20,8,1,14,110.0,105
88,0.443,41,0.415,3,10,27,21,11,2,14,100.0,98
77,0.429,33,0.394,27,10,40,22,5,13,20,99.0,106
75,0.48,37,0.432,25,3,29,20,9,0,18,106.0,113
90,0.422,37,0.297,10,8,34,20,5,3,12,111.0,97
85,0.447,37,0.324,23,7,24,19,8,6,13,154.0,111
104,0.5,36,0.361,18,11,43,20,7,5,11,133.0,135
87,0.506,43,0.395,17,7,35,27,5,2,9,130.0,122
88,0.5,29,0.448,26,8,41,25,5,4,9,114.0,127
81,0.457,43,0.349,21,5,36,18,9,2,21,118.0,110
89,0.438,26,0.308,16,11,32,17,3,4,11,128.0,102
81,0.519,44,0.455,27,5,32,28,4,5,17,134.0,131
85,0.565,24,0.5,14,4,30,29,6,3,8,114.0,122
115,0.417,53,0.321,23,11,43,37,6,2,6,132.0,136
87,0.448,48,0.354,16,8,29,24,3,4,7,126.0,111
90,0.367,41,0.22,39,17,44,22,4,2,17,110.0,114
93,0.409,31,0.194,33,10,39,22,8,5,8,117.0,115
105,0.476,49,0.429,28,13,42,30,7,4,20,153.0,149
102,0.402,41,0.293,24,12,44,22,6,4,12,115.0,118
90,0.433,38,0.395,18,7,37,27,5,4,12,118.0,111
74,0.541,38,0.368,14,8,29,21,3,4,14,104.0,108
92,0.457,35,0.343,17,13,39,23,9,2,10,97.0,113
92,0.457,44,0.386,8,7,35,23,8,3,14,119.0,109
91,0.429,43,0.326,17,9,33,19,7,5,10,112.0,109
95,0.474,47,0.383,13,13,35,30,11,9,10,96.0,121
95,0.463,50,0.44,17,6,43,30,6,13,16,123.0,127
84,0.476,42,0.286,15,9,35,26,9,5,16,109.0,107
94,0.468,40,0.275,12,6,50,28,10,7,14,91.0,111
84,0.476,50,0.42,17,4,31,25,0,3,11,126.0,118
86,0.419,45,0.378,20,5,38,25,11,9,15,103.0,109
101,0.505,44,0.364,21,14,40,28,7,3,12,123.0,139
89,0.449,44,0.318,13,10,38,23,5,10,16,111.0,107
84,0.512,38,0.395,21,8,42,26,6,7,15,106.0,122
85,0.565,40,0.425,17,3,44,34,1,7,11,111.0,130
83,0.47,43,0.349,26,4,22,24,8,3,7,123.0,119
87,0.506,35,0.486,11,11,35,29,5,6,10,100.0,116
91,0.462,40,0.4,18,15,34,27,7,2,13,119.0,118
94,0.362,43,0.395,22,12,30,19,5,6,9,121.0,107
86,0.419,45,0.4,22,12,39,20,3,2,12,103.0,112
94,0.468,39,0.513,15,10,43,26,6,8,9,100.0,123
90,0.478,36,0.389,21,14,38,29,2,9,17,128.0,121
83,0.446,33,0.212,23,8,25,19,6,0,15,133.0,104
99,0.414,51,0.373,6,12,44,21,3,3,7,97.0,107
97,0.433,41,0.39,7,10,34,19,6,3,9,112.0,107
93,0.516,47,0.468,15,12,29,27,5,7,8,125.0,133
91,0.429,43,0.279,17,12,37,23,7,8,12,110.0,107
89,0.438,47,0.426,22,13,30,19,6,4,13,112.0,120
92,0.511,40,0.325,20,13,34,24,4,2,11,123.0,127
96,0.51,37,0.351,13,15,38,23,5,2,7,97.0,124
90,0.422,30,0.267,23,9,27,23,5,2,11,117.0,107
77,0.506,28,0.357,20,6,27,22,4,3,11,114.0,108
73,0.548,29,0.379,23,9,35,26,8,2,18,106.0,114
74,0.473,24,0.333,25,7,24,22,12,4,19,105.0,103
83,0.494,26,0.346,23,9,28,23,3,2,16,126.0,114
77,0.494,37,0.351,15,11,42,22,4,5,20,89.0,104
74,0.541,25,0.48,19,6,35,26,8,3,14,98.0,111
81,0.481,27,0.444,21,6,38,20,7,5,11,105.0,111
68,0.397,27,0.333,22,5,33,19,4,5,14,96.0,85
94,0.468,34,0.324,8,8,28,32,10,0,12,113.0,107
91,0.451,40,0.375,13,14,31,18,9,8,12,101.0,110
83,0.422,36,0.25,18,12,28,20,9,5,15,120.0,97
83,0.373,31,0.258,10,8,38,21,7,4,10,78.0,80
71,0.549,36,0.5,23,7,36,22,8,4,15,107.0,119
85,0.506,35,0.457,15,5,33,22,4,5,9,107.0,117
100,0.49,44,0.386,12,17,23,25,2,4,6,129.0,127
88,0.375,38,0.316,9,16,29,20,2,5,17,124.0,87
81,0.457,27,0.481,18,13,28,22,1,4,10,124.0,105
95,0.516,41,0.537,15,8,33,23,10,6,11,125.0,135
87,0.414,38,0.421,21,9,32,27,9,11,15,117.0,109
87,0.494,35,0.371,12,9,33,33,4,3,12,124.0,111
77,0.584,23,0.565,18,10,25,27,6,2,14,124.0,121
108,0.472,37,0.243,23,12,40,29,10,5,11,132.0,134
84,0.524,28,0.5,13,11,33,30,5,4,16,125.0,115
91,0.549,36,0.389,18,14,32,31,6,5,14,126.0,132
87,0.483,25,0.28,30,9,37,23,10,3,12,113.0,121
89,0.438,35,0.229,19,13,25,28,7,2,19,125.0,105
76,0.539,28,0.429,16,6,40,26,10,9,21,114.0,110
89,0.393,31,0.355,23,14,32,21,10,5,20,119.0,104
63,0.444,31,0.323,23,10,37,18,4,7,25,82.0,89
83,0.47,39,0.359,5,3,37,23,6,4,15,113.0,97
94,0.436,41,0.39,11,6,42,28,11,8,12,95.0,109
85,0.506,32,0.406,3,9,24,28,15,0,17,104.0,102
83,0.53,26,0.308,18,13,25,29,7,5,12,112.0,114
87,0.448,20,0.15,19,19,34,22,6,5,15,116.0,100
83,0.566,36,0.5,21,7,34,38,6,1,16,118.0,133
91,0.451,25,0.36,12,13,26,19,7,6,14,132.0,103
76,0.579,19,0.474,18,9,32,33,12,3,18,98.0,115
90,0.589,30,0.367,11,5,33,29,9,7,13,116.0,128
77,0.481,27,0.222,21,8,31,19,7,3,19,113.0,101
88,0.5,25,0.44,17,3,39,32,9,2,10,120.0,116
80,0.563,35,0.514,19,9,28,34,7,5,10,120.0,127
82,0.549,28,0.393,16,8,32,23,7,7,14,108.0,117
90,0.433,30,0.233,13,13,39,23,8,5,11,95.0,98
90,0.511,34,0.5,18,12,38,30,5,7,13,99.0,127
79,0.468,38.0,0.289,22,4.0,31.0,25,3,0,9,131.0,107
80,0.55,25.0,0.36,21,7.0,28.0,30,4,2,7,114.0,118
98,0.408,52.0,0.269,19,14.0,38.0,34,4,5,15,121.0,113
82,0.512,41.0,0.439,14,5.0,30.0,31,8,3,11,100.0,116
89,0.472,28.0,0.321,17,18.0,34.0,25,7,7,21,124.0,110
87,0.471,30.0,0.3,24,13.0,36.0,30,9,6,10,99.0,115
80,0.425,32.0,0.281,9,5.0,32.0,27,7,3,26,116.0,86
79,0.443,28.0,0.143,20,5.0,29.0,21,7,2,16,112.0,94
92,0.435,35.0,0.314,10,11.0,37.0,28,9,7,13,115.0,101
89,0.494,33.0,0.212,10,13.0,27.0,26,11,7,21,135.0,105
77,0.506,31.0,0.355,17,4.0,34.0,27,8,7,22,112.0,106
77,0.39,34.0,0.324,30,6.0,34.0,23,8,2,15,113.0,101
89,0.517,32.0,0.406,15,8.0,25.0,31,15,6,18,125.0,120
96,0.365,39.0,0.128,13,7.0,27.0,20,6,7,7,129.0,88
87,0.494,30.0,0.5,24,12.0,32.0,31,8,6,14,117.0,125
90,0.533,35.0,0.514,17,10.0,34.0,39,11,10,11,112.0,131
77,0.429,39.0,0.308,26,3.0,27.0,24,11,6,16,119.0,104
87,0.425,40.0,0.375,15,6.0,34.0,29,6,3,13,115.0,104
82,0.488,39.0,0.487,19,7.0,31.0,31,6,3,20,129.0,118
88,0.398,23.0,0.261,20,11.0,26.0,20,5,5,8,129.0,96
116,0.414,36.0,0.25,19,19.0,41.0,30,7,5,9,129.0,124
94,0.457,40.0,0.3,11,7.0,37.0,25,9,2,10,95.0,109
95,0.442,45.0,0.444,27,10.0,32.0,36,12,6,18,134.0,131
87,0.448,32.0,0.281,10,7.0,29.0,27,4,1,14,124.0,97
92,0.38,34.0,0.5,15,12.0,35.0,23,11,6,22,122.0,102
96,0.385,39.0,0.205,18,13.0,33.0,28,9,1,10,109.0,100
87,0.379,38.0,0.395,17,12.0,40.0,29,7,4,18,107.0,98
86,0.395,26.0,0.192,25,10.0,34.0,19,13,4,17,111.0,98
82,0.402,21.0,0.524,27,11.0,31.0,26,13,3,14,111.0,104
77,0.429,20.0,0.15,15,7.0,36.0,20,9,1,16,99.0,84
96,0.458,27.0,0.444,13,9.0,35.0,31,5,6,8,117.0,113
93,0.484,39.0,0.462,13,9.0,33.0,28,4,3,13,141.0,121
92,0.413,27.0,0.333,20,11.0,30.0,22,10,5,10,96.0,105
87,0.471,28.0,0.321,25,11.0,43.0,27,7,8,16,104.0,116
87,0.437,30.0,0.4,25,13.0,42.0,27,11,6,19,104.0,113
83,0.434,33.0,0.303,24,10.0,37.0,25,10,4,17,102.0,106
103,0.398,38.0,0.421,14,17.0,33.0,24,7,7,8,122.0,112
76,0.395,25.0,0.24,13,7.0,18.0,24,14,1,20,100.0,79
91,0.451,29.0,0.31,15,14.0,34.0,19,9,7,12,114.0,106
104,0.433,37.0,0.27,22,14.0,32.0,27,10,6,8,124.0,122
93,0.376,27.0,0.407,21,10.0,36.0,23,10,6,15,110.0,102
71,0.535,24.0,0.375,15,6.0,33.0,24,9,4,19,98.0,100
78,0.462,23.0,0.391,10,6.0,31.0,18,7,3,16,106.0,91
83,0.398,17.0,0.176,10,18.0,28.0,17,11,8,23,104.0,79
91,0.396,23.0,0.261,18,15.0,31.0,21,6,5,10,100.0,96
89,0.371,49,0.265,17,9,22,18,6,3,12,119.0,96
65,0.431,33,0.424,30,1,25,24,10,6,16,110.0,100
81,0.469,30,0.4,14,6,24,23,8,1,9,112.0,102
78,0.449,53,0.415,17,8,27,22,7,2,17,117.0,109
81,0.481,39,0.359,20,4,37,19,13,3,14,97.0,112
88,0.398,49,0.347,17,11,33,18,11,7,12,102.0,104
84,0.452,44,0.341,9,4,37,19,14,5,22,104.0,100
100,0.43,48,0.396,9,10,45,28,12,3,11,80.2,114
91,0.451,58,0.397,9,8,32,25,7,2,14,117.0,114
92,0.413,50,0.3,16,4,42,14,9,6,16,119.0,107
91,0.418,56,0.339,16,11,30,21,8,3,7,98.0,111
89,0.483,52,0.385,17,4,32,25,4,1,7,108.0,123
80,0.438,48,0.25,14,1,26,25,10,9,17,134.0,96
86,0.372,57,0.281,24,6,43,20,8,6,20,108.0,104
89,0.404,48,0.292,19,4,33,18,14,3,18,123.0,105
91,0.473,57,0.316,25,8,40,21,9,3,15,112.0,129
84,0.429,57,0.368,20,4,30,26,11,5,19,97.0,113
87,0.391,53,0.358,15,5,34,24,7,3,10,110.0,102
91,0.396,61,0.344,27,6,30,22,15,3,9,116.0,120
101,0.515,48,0.396,30,7,36,26,12,10,9,149.0,153
91,0.462,57,0.404,30,8,40,26,11,3,18,112.0,137
89,0.427,51,0.431,21,9,39,25,11,3,20,104.0,119
77,0.377,48,0.292,11,10,28,18,9,1,20,83.0,83
80,0.513,38,0.395,20,5,28,24,9,5,16,111.0,117
88,0.443,32,0.281,19,11,27,21,10,7,18,126.0,106
76,0.461,45,0.333,14,13,29,22,9,3,20,108.0,99
97,0.361,42,0.167,28,15,36,19,6,5,10,120.0,105
94,0.415,56,0.357,25,8,26,25,11,5,12,125.0,123
98,0.418,55,0.273,14,12,41,17,10,8,16,110.0,111
93,0.559,50,0.46,13,9,35,22,8,7,18,112.0,140
86,0.5,48,0.333,21,5,33,20,11,7,13,112.0,123
92,0.489,48,0.417,10,6,36,20,9,5,10,110.0,120
85,0.529,49,0.51,20,8,28,31,14,7,15,105.0,135
77,0.429,45,0.289,37,5,40,17,9,6,14,105.0,116
95,0.463,42,0.357,10,7,29,20,10,5,6,114.0,113
85,0.341,48,0.229,22,8,21,16,8,5,15,127.0,91
85,0.506,42,0.452,16,6,31,20,8,4,16,111.0,121
97,0.443,60,0.333,19,7,34,25,11,5,4,110.0,125
105,0.39,51,0.314,19,11,32,22,14,3,7,109.0,117
98,0.459,45,0.467,17,7,30,25,11,5,6,121.0,128
94,0.426,47,0.362,15,9,30,21,8,5,15,125.0,112
81,0.469,40,0.375,35,6,34,14,11,4,15,117.0,126
88,0.455,33,0.333,19,15,29,19,6,7,16,117.0,110
91,0.516,32,0.344,26,5,30,24,11,9,11,124.0,131
89,0.472,29,0.448,24,18,35,26,10,7,17,105.0,121
90,0.378,35,0.257,12,12,25,21,8,3,10,104.0,89
78,0.41,27,0.37,24,9,28,20,10,4,13,111.0,98
88,0.42,42,0.381,15,10,31,22,6,5,9,111.0,105
79,0.418,28,0.286,22,9,32,19,7,5,9,85.0,96
75,0.547,31,0.355,20,3,38,23,7,4,17,107.0,113
88,0.409,32,0.281,20,19,33,20,9,4,17,110.0,101
84,0.571,24,0.417,14,9,36,23,7,3,14,97.0,120
91,0.484,29,0.379,12,8,44,22,8,2,13,97.0,111
84,0.631,35,0.629,26,8,41,28,5,4,15,111.0,154
97,0.464,38,0.368,29,8,33,19,7,5,9,135.0,133
90,0.522,34,0.412,22,8,36,24,7,4,7,122.0,130
84,0.44,34,0.294,30,9,38,16,4,2,15,127.0,114
95,0.474,38,0.342,15,11,34,18,12,3,11,110.0,118
85,0.4,37,0.324,27,12,49,23,10,2,20,103.0,107
85,0.541,37,0.378,18,6,34,29,11,1,7,111.0,124
93,0.484,36,0.361,17,10,29,23,8,2,10,129.0,120
85,0.494,34,0.441,23,9,36,24,5,2,14,117.0,122
92,0.543,31,0.452,12,9,36,22,3,3,6,111.0,126
85,0.494,29,0.276,23,8,40,21,2,3,10,117.0,115
87,0.425,47,0.532,27,8,40,23,10,2,10,103.0,126
74,0.432,36,0.444,21,4,32,17,6,5,20,103.0,101
92,0.359,51,0.275,22,8,39,21,3,1,10,106.0,102
83,0.47,38,0.395,12,5,42,23,7,9,17,100.0,105
77,0.442,41,0.39,15,10,33,21,4,4,11,90.0,99
92,0.5,44,0.455,19,11,36,28,5,2,10,107.0,131
86,0.395,31,0.226,28,15,34,12,5,5,15,112.0,103
84,0.464,40,0.325,29,9,48,22,5,6,14,105.0,120
84,0.452,36,0.306,22,6,35,19,7,1,9,94.0,109
76,0.592,24,0.542,33,6,31,25,6,6,10,130.0,136
89,0.539,39,0.462,18,11,35,35,6,5,10,103.0,132
84,0.44,38,0.368,14,11,35,22,11,2,15,92.0,102
94,0.5,37,0.432,14,11,39,33,7,5,12,97.0,124
87,0.391,30,0.333,25,13,34,20,7,3,19,112.0,103
110,0.418,35,0.314,30,14,41,19,4,10,15,141.0,133
90,0.444,31,0.452,9,5,37,25,2,6,9,110.0,103
93,0.57,36,0.333,15,10,42,28,11,6,11,92.0,133
86,0.477,26,0.346,24,8,35,24,8,5,15,142.0,115
89,0.506,54,0.444,14,8,43,35,6,5,11,111.0,128
84,0.464,27,0.407,19,5,46,28,3,2,12,105.0,108
98,0.459,34,0.353,16,12,38,20,8,7,13,106.0,118
92,0.38,31,0.419,20,11,28,26,6,6,15,124.0,103
79,0.468,30,0.433,25,12,41,20,2,7,17,97.0,112
94,0.457,35,0.457,20,11,37,33,5,3,8,117.0,122
78,0.423,21,0.19,25,8,37,19,5,8,14,102.0,95
97,0.371,38,0.316,26,20,37,19,9,3,10,107.0,110
89,0.483,35,0.314,9,12,34,23,5,4,12,93.0,106
82,0.463,38,0.368,18,12,29,21,10,5,15,111.0,108
79,0.443,39,0.359,18,10,32,25,5,4,15,96.0,102
79,0.43,42,0.333,22,11,32,23,8,2,19,115.0,104
97,0.505,47,0.34,10,16,28,32,6,3,9,114.0,124
84,0.452,38,0.395,25,9,45,26,7,8,12,98.0,116
77,0.545,24,0.375,24,5,38,24,6,8,13,107.0,117
80,0.475,30,0.333,28,12,29,23,9,2,9,108.0,114
83,0.518,26,0.231,14,4,21,27,11,3,16,114.0,106
83,0.446,36,0.361,18,13,31,23,9,7,23,103.0,105
83,0.53,26,0.423,27,10,24,33,10,6,11,114.0,126
74,0.527,37,0.514,22,6,44,25,5,7,19,96.0,119
88,0.489,30,0.3,15,12,40,30,9,4,16,100.0,110
78,0.551,30,0.333,16,9,34,25,6,6,13,102.0,112
83,0.566,27,0.444,11,9,32,30,11,5,15,109.0,117
83,0.422,38,0.289,16,10,31,18,8,9,15,112.0,97
88,0.545,36,0.389,21,7,34,27,11,5,17,122.0,131
87,0.563,39,0.436,20,12,29,29,7,9,14,115.0,135
78,0.5,30,0.333,28,12,43,26,6,8,17,108.0,116
92,0.478,38,0.368,9,14,36,26,9,3,14,88.0,111
97,0.351,32,0.156,20,17,38,22,11,4,9,100.0,93
98,0.49,35,0.429,11,15,32,29,6,1,17,136.0,122
81,0.543,29,0.483,22,14,18,28,8,4,10,121.0,124
100,0.42,39,0.333,14,15,29,20,13,6,15,116.0,111
77,0.455,19,0.105,25,12,36,18,11,6,24,113.0,97
88,0.352,37,0.135,19,10,36,17,7,3,11,105.0,86
82,0.5,26,0.346,25,4,34,23,12,3,14,108.0,116
82,0.354,40,0.25,24,8,32,17,8,12,17,107.0,92
82,0.39,36,0.306,28,11,34,21,6,3,16,101.0,103
89,0.494,28,0.464,22,9,38,22,12,6,14,116.0,123
72,0.569,20,0.45,28,8,41,24,3,4,23,112.0,119
77,0.494,22,0.273,22,11,27,18,10,0,9,108.0,104
87,0.46,40,0.375,7,8,38,24,7,4,14,104.0,102
87,0.448,35,0.286,24,9,36,22,8,7,12,103.0,112
91,0.418,32,0.188,31,10,42,19,11,4,16,103.0,113
86,0.535,33,0.394,15,10,33,25,9,6,13,107.0,120
97,0.515,35,0.371,9,6,30,23,9,10,13,114.0,122
87,0.414,35,0.257,7,13,32,26,5,3,14,105.0,88
88,0.511,24,0.333,18,8,36,24,13,5,16,86.0,116
102,0.441,44,0.295,15,14,37,27,10,12,16,109.0,118
86,0.453,34,0.324,25,11,35,20,9,4,13,112.0,114
86,0.477,29,0.31,26,12,37,25,9,14,14,105.0,117
93,0.505,33,0.364,14,10,39,29,8,4,12,116.0,120
91,0.516,37,0.378,17,16,43,28,8,4,16,100.0,125
82,0.524,29,0.483,25,12,35,29,11,2,24,120.0,125
79,0.443,28,0.357,13,9,32,25,4,4,13,106.0,93
83,0.458,33,0.424,21,9,26,26,7,3,13,108.0,111
75,0.427,32,0.344,21,7,32,18,8,3,11,102.0,96
80,0.513,34,0.353,21,3,34,25,8,3,12,104.0,115
71,0.507,27,0.407,31,6,31,29,2,1,9,124.0,114
89,0.427,35,0.314,11,5,31,23,4,5,8,116.0,98
80,0.563,27,0.481,22,2,38,30,6,2,12,113.0,125
86,0.453,36,0.194,23,6,32,27,3,5,12,121.0,108
91,0.429,37,0.27,24,10,30,20,9,2,8,109.0,112
85,0.388,44,0.273,28,12,30,21,5,8,13,117.0,106
90,0.444,43,0.326,12,11,27,27,11,2,9,101.0,106
85,0.471,36,0.444,21,7,34,32,6,6,12,114.0,117
73,0.479,31,0.355,22,5,43,21,6,7,21,94.0,103
90,0.444,47,0.362,18,6,35,33,8,1,15,118.0,115
78,0.449,47,0.383,27,9,40,27,3,6,11,100.0,115
81,0.457,45,0.378,25,7,31,22,12,4,10,114.0,116
84,0.464,31,0.387,25,12,34,21,8,2,16,104.0,115
91,0.44,30,0.267,11,17,43,24,8,4,13,87.0,99
75,0.453,33,0.394,43,7,39,23,10,2,16,115.0,124
76,0.474,35,0.514,19,7,34,27,9,4,16,100.0,109
81,0.494,35,0.371,20,6,29,22,8,7,9,101.0,113
87,0.356,38,0.263,20,14,34,14,6,5,19,109.0,92
86,0.488,42,0.333,17,6,34,24,14,2,12,116.0,115
98,0.449,40,0.325,13,13,46,29,11,9,13,92.0,114
84,0.488,36,0.306,19,3,34,28,6,9,12,119.0,112
83,0.422,46,0.457,25,6,33,28,6,1,19,130.0,116
77,0.442,43,0.349,29,12,30,22,8,5,12,106.0,112
87,0.425,45,0.311,15,8,33,29,9,8,14,107.0,103
72,0.556,29,0.448,32,6,32,29,7,2,15,105.0,125
84,0.429,45,0.333,23,5,38,33,6,6,18,128.0,110
87,0.414,43,0.256,16,6,36,28,4,0,16,101.0,99
68,0.471,44,0.318,26,5,29,22,6,3,16,98.0,104
84,0.464,44,0.341,5,9,27,32,8,5,14,109.0,98
66,0.485,28,0.464,23,5,41,21,7,8,20,89.0,100
86,0.43,33,0.273,21,10,35,27,11,9,15,110.0,104
79,0.519,44,0.5,12,6,30,31,8,5,12,113.0,116
86,0.43,37,0.486,13,6,40,28,4,4,9,89.0,105
91,0.451,38,0.368,20,10,35,27,4,4,6,113.0,116
79,0.519,35,0.486,27,6,34,30,6,2,9,118.0,126
78,0.526,26,0.423,33,8,35,30,9,8,21,129.0,126
96,0.458,42,0.381,15,9,40,33,6,11,12,125.0,119
79,0.57,40,0.475,15,4,25,34,16,4,15,105.0,124
98,0.408,37,0.297,33,15,36,28,9,7,15,129.0,124
88,0.432,39,0.333,12,6,31,19,11,4,11,116.0,101
87,0.494,33,0.364,15,7,38,36,10,3,11,101.0,113
91,0.363,33,0.273,19,13,28,20,7,5,11,103.0,94
92,0.489,35,0.314,17,9,37,25,10,4,12,115.0,118
88,0.42,37,0.297,15,8,36,23,8,5,10,115.0,100
85,0.435,25,0.28,33,17,33,16,6,2,14,116.0,114
75,0.493,35,0.457,14,7,27,22,6,7,19,115.0,104
88,0.455,45,0.356,22,7,49,27,5,4,14,104.0,118
91,0.495,41,0.415,14,8,41,29,7,5,12,106.0,121
82,0.561,37,0.459,12,3,40,27,12,3,18,107.0,121
89,0.472,41,0.366,12,11,46,26,5,4,20,96.0,111
90,0.433,42,0.333,18,11,36,28,6,3,16,122.0,110
98,0.398,41,0.317,15,9,36,27,8,3,15,119.0,106
87,0.506,38,0.474,20,9,44,25,6,0,14,113.0,126
84,0.393,43,0.326,26,11,38,25,4,6,19,114.0,106
99,0.475,44,0.341,23,9,46,26,3,9,13,136.0,132
78,0.526,37,0.405,33,5,39,27,7,3,14,116.0,130
88,0.477,51,0.333,15,7,47,28,3,5,18,119.0,116
92,0.489,35,0.257,17,17,48,21,6,6,22,120.0,116
84,0.464,41,0.317,28,7,40,25,9,7,15,112.0,119
81,0.395,38,0.263,29,10,41,18,7,3,21,124.0,103
82,0.488,45,0.444,31,7,47,29,7,7,23,123.0,131
79,0.468,40,0.3,27,8,27,21,12,5,12,92.0,113
90,0.378,50,0.3,12,11,37,23,8,4,17,109.0,95
95,0.537,33,0.394,16,7,29,23,7,3,10,140.0,131
89,0.416,43,0.279,17,5,40,22,8,1,19,113.0,103
94,0.457,46,0.283,20,11,45,26,8,4,16,100.0,119
86,0.407,34,0.206,12,8,40,19,4,5,13,105.0,89
87,0.402,31,0.226,16,15,46,20,7,6,16,85.0,93
100,0.5,45,0.467,12,14,52,34,6,2,17,86.0,133
84,0.381,42,0.333,30,8,45,23,10,10,13,97.0,108
86,0.57,37,0.459,22,4,41,26,7,4,21,134.0,137
91,0.527,41,0.341,9,8,49,35,2,6,17,98.0,119
93,0.505,33,0.303,22,8,33,24,14,3,7,106.0,126
91,0.407,37,0.351,24,11,33,18,7,5,17,118.0,111
96,0.448,42,0.429,19,8,47,26,7,5,13,111.0,123
93,0.452,39,0.385,12,10,52,26,4,5,16,95.0,111
94,0.468,37,0.324,12,9,51,19,3,8,14,101.0,112
102,0.471,36,0.306,13,8,45,34,11,7,17,108.0,120
97,0.495,38,0.395,18,16,44,30,4,12,16,108.0,129
95,0.453,40,0.3,17,7,39,29,7,5,13,127.0,115
90,0.556,37,0.514,32,11,35,31,3,3,14,131.0,151
87,0.506,36,0.278,18,12,41,26,8,8,15,103.0,116
77,0.584,26,0.423,10,3,45,34,7,5,23,98.0,111
89,0.506,37,0.459,10,5,49,30,8,6,20,97.0,117
87,0.494,31,0.516,26,7,43,21,6,6,10,123.0,128
92,0.489,36,0.417,23,8,51,27,4,8,14,102.0,128
83,0.482,35,0.4,17,8,33,21,9,0,18,117.0,111
94,0.394,33,0.242,25,9,33,20,15,3,17,120.0,107
98,0.469,37,0.27,16,10,26,30,6,3,8,132.0,118
81,0.494,43,0.442,16,10,33,27,5,4,17,108.0,115
97,0.557,34,0.412,17,10,32,31,11,2,16,134.0,139
99,0.364,42,0.31,6,14,43,19,9,3,13,111.0,91
95,0.484,44,0.386,16,6,27,27,10,6,15,136.0,125
91,0.516,46,0.37,18,5,28,28,16,8,16,126.0,129
95,0.442,42,0.357,24,7,35,16,4,6,11,139.0,123
90,0.444,40,0.35,22,9,29,26,7,2,15,128.0,116
89,0.404,42,0.357,30,8,35,23,8,10,8,127.0,117
101,0.386,49,0.286,16,14,34,25,10,7,11,115.0,108
86,0.453,40,0.45,30,10,28,24,6,4,23,137.0,126
95,0.547,44,0.591,12,9,37,39,8,3,12,115.0,142
91,0.495,35,0.257,21,6,27,18,13,7,16,127.0,120
85,0.435,38,0.342,22,14,31,25,12,6,16,113.0,109
84,0.405,39,0.179,31,6,38,24,9,4,17,118.0,106
89,0.483,46,0.5,20,10,35,29,7,8,20,133.0,129
90,0.444,43,0.279,12,7,34,33,9,4,13,113.0,104
98,0.49,32,0.344,17,13,38,28,8,8,17,131.0,124
86,0.477,44,0.341,13,10,33,27,7,3,18,117.0,110
91,0.418,42,0.31,11,11,31,26,7,5,9,107.0,100
94,0.404,50,0.28,22,12,37,34,8,5,17,122.0,112
88,0.455,39,0.436,17,7,29,22,4,1,13,116.0,114
88,0.432,28,0.393,12,10,35,26,6,7,15,104.0,99
91,0.418,35,0.343,16,9,28,23,10,6,9,117.0,104
95,0.379,48,0.271,24,13,31,28,12,4,18,139.0,109
89,0.494,32,0.406,15,15,41,25,7,9,14,102.0,116
90,0.444,47,0.319,17,10,30,23,10,1,18,119.0,112
95,0.495,38,0.368,10,14,29,32,16,8,16,103.0,118
95,0.4,43,0.302,10,17,35,22,7,7,12,84.0,99
91,0.374,46,0.326,21,6,42,18,7,8,11,106.0,104
104,0.404,44,0.386,21,11,49,20,12,8,14,115.0,122
93,0.355,37,0.216,14,14,26,17,17,8,18,94.0,88
104,0.346,46,0.217,23,14,51,23,7,5,13,104.0,105
87,0.402,34,0.324,23,9,31,16,10,7,16,113.0,104
87,0.437,37,0.405,15,7,32,16,8,8,16,113.0,106
87,0.414,42,0.238,18,16,30,20,8,8,14,109.0,100
95,0.379,39,0.256,17,12,31,20,9,3,10,107.0,99
85,0.447,41,0.244,31,7,32,17,9,3,18,124.0,117
91,0.44,41,0.366,21,15,27,18,9,3,11,127.0,116
85,0.471,22,0.273,23,11,34,14,6,7,16,125.0,109
84,0.524,37,0.405,22,6,25,27,5,6,15,142.0,125
96,0.521,38,0.342,14,10,26,25,8,2,13,139.0,127
89,0.416,38,0.447,23,15,29,23,5,7,12,121.0,114
98,0.398,50,0.38,25,12,32,21,5,6,14,150.0,122
90,0.333,51,0.314,16,9,33,24,8,4,13,117.0,92
85,0.388,41,0.341,19,7,39,25,3,6,17,104.0,99
92,0.467,42,0.31,11,9,36,33,4,2,14,134.0,110
96,0.552,33,0.424,13,12,34,28,5,5,14,134.0,133
89,0.427,43,0.302,19,8,39,26,9,4,13,96.0,108
85,0.553,43,0.465,15,8,38,32,5,5,16,120.0,129
86,0.488,40,0.425,18,7,37,30,9,3,9,106.0,119
95,0.474,32,0.25,17,7,27,23,9,2,17,149.0,115
103,0.417,57,0.368,12,7,35,30,5,6,7,116.0,119
90,0.422,33,0.333,31,13,35,23,5,4,11,110.0,118
91,0.484,42,0.31,17,10,29,30,4,2,14,128.0,118
92,0.457,28,0.357,13,8,37,27,13,6,12,112.0,107
95,0.432,44,0.318,28,8,37,27,14,4,11,119.0,124
71,0.352,32,0.25,10,7,27,14,7,5,21,94.2,68
90,0.411,40,0.325,17,14,33,24,7,3,10,102.0,104
64,0.5,30,0.367,35,5,45,21,4,5,28,107.0,110
96,0.531,36,0.417,22,9,43,32,1,2,7,120.0,139
90,0.333,42,0.167,12,13,29,15,6,4,13,118.0,79
100,0.43,49,0.286,29,22,41,22,7,6,20,120.0,129
86,0.465,44,0.364,17,8,36,30,3,3,10,116.0,113
92,0.457,46,0.391,16,7,31,30,5,8,11,141.0,118
87,0.414,36,0.278,24,15,41,15,7,1,18,110.0,106
96,0.479,37,0.432,5,13,36,29,6,3,12,115.0,113
87,0.483,47,0.362,14,9,45,26,10,6,10,86.0,115
102,0.353,34,0.294,22,15,34,22,3,1,16,112.0,104
88,0.409,35,0.257,20,12,43,27,7,5,12,91.0,101
87,0.402,37,0.324,24,14,39,20,5,7,10,105.0,106
92,0.446,44,0.364,20,13,33,27,5,5,9,119.0,118
100,0.51,34,0.412,13,14,51,29,4,1,13,88.0,129
89,0.483,34,0.441,18,10,34,28,8,5,17,97.0,119
94,0.415,47,0.34,13,12,41,25,5,7,15,113.0,107
80,0.625,31,0.484,18,5,32,31,8,5,20,118.0,133
85,0.506,39,0.385,24,8,29,26,8,7,9,115.0,125
81,0.42,39,0.333,16,7,27,21,6,4,14,110.0,97
94,0.447,42,0.357,22,11,44,19,3,5,10,111.0,121
91,0.44,46,0.457,12,8,33,30,12,3,16,128.0,113
81,0.481,29,0.379,22,13,34,22,7,2,22,117.0,111
99,0.333,49,0.306,16,12,35,23,11,7,17,117.0,97
87,0.437,25,0.48,18,11,33,20,9,1,13,117.0,106
90,0.5,26,0.308,9,11,32,22,4,4,12,118.0,107
77,0.532,26,0.385,16,7,55,25,8,2,24,86.0,108
93,0.484,44,0.341,12,14,37,31,5,4,9,113.0,117
98,0.408,37,0.297,12,11,41,19,5,5,17,111.0,103
96,0.333,47,0.213,15,12,34,20,11,1,12,101.0,89
94,0.532,28,0.393,25,6,41,32,14,9,12,131.0,136
81,0.519,21,0.381,23,8,28,30,10,3,18,122.0,115
82,0.439,19,0.316,18,13,38,15,10,5,9,84.0,96
91,0.451,24,0.167,17,13,35,19,4,8,12,126.0,103
85,0.482,20,0.35,15,11,31,23,3,1,13,112.0,104
97,0.485,30,0.4,19,20,45,26,6,7,17,123.0,125
85,0.553,20,0.4,23,17,33,29,6,4,16,115.0,125
83,0.506,23,0.348,14,9,30,28,2,3,8,115.0,106
85,0.506,15,0.267,11,13,29,22,5,6,15,107.0,101
91,0.44,29,0.379,21,16,38,20,12,8,17,123.0,112
81,0.432,25,0.44,17,5,35,21,7,7,15,106.0,98
88,0.409,23,0.13,21,14,38,19,10,3,20,114.0,96
110,0.473,34,0.382,18,15,41,30,12,6,17,140.0,135
85,0.447,22,0.364,11,16,31,24,5,6,15,92.0,95
92,0.467,20,0.3,13,10,29,27,12,5,13,103.0,105
102,0.559,26,0.385,15,12,34,33,11,1,12,134.0,139
82,0.415,26,0.269,17,14,43,19,5,1,12,85.0,92
91,0.429,28,0.321,19,11,35,26,9,6,16,127.0,106
86,0.442,32,0.281,7,8,34,17,5,7,13,97.0,92
92,0.533,19,0.316,6,14,34,19,7,8,13,97.0,110
85,0.494,36,0.361,15,14,32,26,5,4,14,118.0,112
88,0.409,34,0.324,9,13,34,24,4,4,17,100.0,92
85,0.482,23,0.391,15,7,42,17,6,9,10,86.0,106
88,0.398,25,0.24,11,12,36,20,4,5,14,90.0,87
90,0.411,26,0.308,16,10,30,21,12,3,18,121.0,98
102,0.353,37,0.297,19,12,37,26,7,3,11,128.0,102
90,0.511,31,0.29,23,10,29,24,11,3,6,121.0,124
100,0.46,27,0.185,14,14,32,26,13,1,13,123.0,111
97,0.433,25,0.36,11,14,27,18,3,1,9,128.0,104
95,0.389,20,0.2,9,15,32,15,10,3,16,117.0,87
84,0.571,23,0.522,24,8,29,22,11,4,16,135.0,132
92,0.446,37,0.27,20,13,39,19,7,7,15,120.0,112
98,0.48,36,0.389,9,9,46,29,3,6,7,93.0,117
85,0.447,31,0.355,20,11,45,25,5,5,21,100.0,107
92,0.402,29,0.31,11,13,47,16,6,2,13,82.0,94
93,0.473,36,0.417,12,11,33,29,4,10,14,121.0,115
97,0.402,30,0.3,15,9,38,23,10,6,14,123.0,102
94,0.436,34,0.294,22,13,28,23,11,2,8,129.0,114
95,0.558,28,0.464,24,13,42,30,7,6,11,120.0,143
94,0.468,32,0.25,9,14,33,20,9,2,11,111.0,105
95,0.463,30,0.3,6,14,34,24,7,3,8,101.0,103
90,0.478,29,0.414,26,12,46,25,5,7,18,122.0,124
91,0.352,38,0.184,16,11,36,16,5,3,11,115.0,87
96,0.406,31,0.323,15,15,37,24,11,6,11,104.0,103
83,0.41,34,0.265,15,5,28,23,9,7,14,129.0,92
94,0.394,41,0.366,15,8,39,22,3,2,11,118.0,104
87,0.414,45,0.4,16,5,38,26,7,6,16,121.0,106
84,0.452,39,0.487,12,6,29,24,9,1,18,121.0,107
89,0.348,33,0.212,27,10,32,18,9,5,11,111.0,96
89,0.494,41,0.39,18,4,44,29,6,2,15,110.0,122
84,0.571,28,0.536,22,6,27,25,6,2,12,127.0,133
83,0.386,23,0.304,25,12,37,13,9,3,17,108.0,96
102,0.402,47,0.319,22,12,40,24,7,4,13,122.0,119
88,0.42,32,0.25,19,10,37,17,5,2,9,108.0,101
87,0.402,41,0.268,18,8,35,26,8,4,13,109.0,99
82,0.476,34,0.353,19,11,32,21,3,2,18,120.0,109
82,0.524,38,0.474,28,12,34,31,10,4,18,116.0,132
87,0.529,31,0.355,25,6,36,31,8,3,12,118.0,128
98,0.449,37,0.486,8,12,30,30,13,2,15,110.0,114
99,0.343,39,0.179,37,20,25,21,9,1,7,119.0,112
76,0.421,28,0.179,21,9,33,21,3,5,9,99.0,90
92,0.467,33,0.424,20,12,29,31,10,3,15,115.0,120
91,0.484,29,0.448,25,13,36,21,11,4,14,106.0,126
84,0.607,21,0.333,23,6,39,31,5,5,10,118.0,132
84,0.524,30,0.433,12,5,30,28,6,5,12,116.0,113
96,0.385,43,0.326,19,11,28,29,3,2,6,130.0,107
84,0.488,37,0.405,16,10,31,28,9,5,18,114.0,113
98,0.541,40,0.3,18,10,44,36,6,7,15,125.0,136
100,0.49,32,0.438,18,13,39,30,7,9,8,120.0,130
89,0.494,34,0.382,14,7,34,27,6,9,10,113.0,115
104,0.394,43,0.209,15,16,32,21,11,2,7,122.0,106
96,0.458,36,0.333,16,9,37,34,13,7,12,112.0,116
95,0.526,38,0.474,17,14,31,33,9,5,10,126.0,135
98,0.378,40,0.25,11,10,36,28,10,6,9,111.0,95
75,0.453,31,0.29,26,7,32,22,8,9,20,105.0,103
75,0.427,31,0.419,23,9,30,20,10,6,17,116.0,100
80,0.538,34,0.471,10,8,29,35,7,3,9,100.0,112
83,0.398,33,0.273,14,7,32,21,5,5,9,102.0,89
89,0.371,37,0.297,15,11,30,23,7,6,5,113.0,92
95,0.358,32,0.219,22,16,28,27,9,7,6,112.0,97
90,0.4,37,0.324,14,13,33,18,5,1,14,109.0,98
92,0.478,35,0.4,12,11,28,26,9,3,14,120.0,114
92,0.478,28,0.5,4,15,32,25,9,4,9,83.0,106
86,0.453,31,0.29,8,9,37,21,7,5,15,109.0,95
92,0.391,42,0.333,9,6,36,24,4,4,9,122.0,95
94,0.457,26,0.385,23,13,35,22,10,2,13,118.0,119
92,0.435,29,0.31,25,12,34,17,6,5,8,112.0,114
89,0.371,33,0.273,19,14,35,15,9,6,14,98.0,94
87,0.494,27,0.37,27,13,38,24,18,3,16,89.0,123
81,0.432,26,0.308,23,11,49,21,8,3,18,89.0,101
80,0.413,37,0.378,7,5,29,20,8,6,15,99.0,87
84,0.488,33,0.364,21,7,30,23,10,5,14,124.0,115
81,0.444,34,0.353,16,4,34,25,12,7,16,109.0,100
76,0.474,24,0.417,19,7,30,22,7,4,13,113.0,101
89,0.483,38,0.395,8,12,39,32,11,3,19,92.0,109
100,0.4,31,0.355,17,12,42,25,15,7,14,104.0,108
84,0.393,35,0.286,16,6,39,20,5,4,17,114.0,92
84,0.524,33,0.455,13,7,35,25,12,4,20,111.0,116
85,0.435,29,0.345,15,5,33,20,6,5,15,114.0,99
84,0.548,33,0.394,15,2,30,29,10,3,7,109.0,120
92,0.478,26,0.269,16,9,36,20,6,11,10,100.0,111
95,0.505,34,0.412,17,10,24,31,8,5,10,121.0,127
96,0.448,24,0.417,15,12,37,23,5,3,15,118.0,111
95,0.484,31,0.258,18,8,44,26,5,7,12,111.0,118
76,0.408,33,0.394,16,8,34,21,8,4,16,90.0,91
93,0.495,24,0.375,10,10,33,23,5,8,12,114.0,111
88,0.523,23,0.348,12,6,41,23,5,6,10,109.0,112
75,0.507,22,0.364,24,10,36,24,9,8,21,102.0,108
97,0.433,27,0.259,9,7,32,22,12,2,15,119.0,100
78,0.5,31,0.484,23,6,34,22,9,5,13,111.0,116
87,0.54,23,0.348,11,8,30,30,10,6,13,104.0,113
90,0.444,25,0.32,18,13,35,21,8,4,11,100.0,106
86,0.57,23,0.435,11,7,49,35,8,11,14,80.0,119
95,0.326,33,0.242,11,12,27,23,13,4,17,127.0,81
88,0.409,28,0.286,26,12,38,20,7,5,11,98.0,106
86,0.523,27,0.333,19,8,36,28,10,3,14,111.0,118
92,0.489,30,0.233,8,6,34,28,7,3,6,106.0,105
83,0.53,26,0.346,20,2,35,25,5,9,14,124.0,117
86,0.453,34,0.294,18,11,36,26,5,5,20,115.0,106
82,0.524,39,0.487,13,8,34,29,6,5,18,119.0,118
96,0.458,34,0.206,8,8,32,28,7,6,4,112.0,103
76,0.421,24,0.333,13,4,30,21,4,1,11,92.0,85
89,0.517,27,0.259,16,13,33,26,8,2,17,106.0,115
93,0.516,28,0.464,20,6,25,31,5,2,6,139.0,129
87,0.575,28,0.607,12,5,31,35,15,4,10,118.0,129
84,0.536,20,0.45,13,4,38,26,8,8,9,87.0,112
93,0.419,26,0.269,3,9,21,23,15,9,13,118.0,88
86,0.5,29,0.448,16,11,27,31,1,4,14,107.0,115
82,0.561,24,0.333,16,4,37,24,4,8,13,114.0,116
85,0.518,23,0.304,9,7,38,27,7,3,15,99.0,104
86,0.384,26,0.385,25,13,37,24,6,6,9,95.0,101
84,0.571,30,0.367,9,8,38,31,9,5,11,105.0,116
84,0.476,27,0.333,19,6,31,25,5,3,12,122.0,108
89,0.528,26,0.385,11,12,31,31,8,5,10,104.0,115
87,0.414,27,0.37,29,13,26,24,8,4,11,116.0,111
82,0.427,34,0.265,27,8,31,12,7.0,5,8,110.0,106
95,0.295,39,0.231,29,20,37,14,6.0,7,12,102.0,94
79,0.418,21,0.238,30,6,32,21,2.0,3,9,128.0,101
80,0.463,27,0.333,18,15,35,23,5.0,3,18,109.0,101
87,0.563,38,0.474,18,8,43,31,8.0,4,16,96.0,134
84,0.464,40,0.425,26,9,38,27,9.0,10,17,125.0,121
93,0.495,33,0.455,10,11,23,28,5.0,4,8,130.0,117
97,0.485,30,0.467,13,14,34,24,6.0,3,15,124.0,121
93,0.409,29,0.276,24,15,36,19,4.0,4,9,101.0,108
82,0.463,29,0.379,20,6,35,27,11.0,4,14,98.0,107
87,0.529,31,0.452,26,8,27,26,6.0,6,13,130.0,132
93,0.495,25,0.36,20,20,35,20,6.0,5,21,127.0,121
114,0.368,37,0.297,20,20,47,25,8.0,6,11,118.0,115
94,0.383,42,0.357,10,10,46,27,10.0,7,18,102.0,97
81,0.432,30,0.333,10,7,37,26,9.0,6,16,82.4,90
83,0.506,33,0.424,26,13,37,28,7.0,4,13,106.0,124
84,0.488,34,0.382,19,11,30,29,3.0,2,11,118.0,114
96,0.49,37,0.459,14,14,31,24,8.0,2,12,108.0,125
85,0.447,40,0.4,15,12,30,24,10.0,1,15,120.0,107
95,0.505,43,0.488,13,10,27,27,7.0,4,9,136.0,130
91,0.495,31,0.484,10,11,33,32,5.0,7,6,106.0,115
89,0.404,38,0.342,9,8,23,22,13.0,9,8,108.0,94
88,0.511,30,0.4,27,9,39,27,9.0,5,11,112.0,129
99,0.354,38,0.342,15,11,32,17,10.0,4,10,119.0,98
86,0.442,22,0.182,32,11,37,19,10.0,6,13,104.0,112
95,0.463,27,0.296,14,11,39,25,3.0,7,6,103.0,110
84,0.5,27,0.407,23,15,29,29,12.0,6,16,111.0,118
90,0.533,25,0.56,9,10,40,34,8.0,11,20,107.0,119
99,0.374,45,0.422,8,11,39,24,7.0,4,11,112.0,101
83,0.434,38,0.342,21,14,30,24,3.0,1,14,137.0,106
84,0.369,33,0.212,26,13,34,15,6.0,3,14,116.0,95
82,0.463,31,0.29,32,8,34,22,11.0,2,12,127.0,117
82,0.512,32,0.344,20,2,42,28,5.0,3,14,104.0,115
78,0.526,37,0.351,13,8,33,19,12.0,3,21,91.0,108
84,0.381,46,0.391,13,8,37,25,8.0,6,13,107.0,95
94,0.447,39,0.333,20,12,31,30,12.0,6,12,111.0,117
78,0.436,32,0.313,12,5,36,26,8.0,6,13,87.0,90
82,0.488,29,0.31,11,9,35,30,9.0,7,11,89.0,100
88,0.511,30,0.367,16,13,36,25,7.0,11,12,106.0,117
89,0.416,33,0.182,15,12,40,17,6.0,4,11,101.0,95
98,0.378,37,0.243,8,14,29,22,11.0,5,4,109.0,91
88,0.489,27,0.407,12,13,35,24,6.0,5,12,98.0,109
90,0.511,26,0.5,15,9,33,31,4.0,0,10,113.0,120
92,0.457,27,0.222,18,10,34,32,7.0,6,11,118.0,108
91,0.407,29,0.207,17,14,33,24,4.0,6,12,115.0,97
89,0.551,34,0.412,16,7,38,34,6,4,5,102.0,128
89,0.551,28,0.429,20,11,33,28,4,3,7,117.0,130
89,0.472,34,0.5,27,12,41,29,11,7,19,101.0,128
92,0.478,32,0.375,19,12,40,27,5,4,11,112.0,119
92,0.467,34,0.265,19,12,41,27,6,4,15,99.0,114
96,0.469,32,0.531,10,11,33,25,5,0,8,115.0,117
93,0.452,33,0.364,21,6,43,22,5,4,11,115.0,117
80,0.525,32,0.344,30,4,33,29,10,3,17,112.0,125
91,0.429,47,0.383,21,5,30,28,22,4,18,106.0,117
90,0.389,38,0.263,23,10,40,23,11,4,17,117.0,103
70,0.514,22,0.273,23,9,29,17,7,1,14,93.4,101
87,0.402,32,0.344,24,9,34,26,3,5,14,121.0,105
85,0.553,43,0.442,27,8,39,30,6,4,14,131.0,140
91,0.495,42,0.452,18,15,32,29,9,4,12,117.0,127
85,0.459,39,0.385,21,6,29,30,6,6,18,123.0,114
83,0.41,29,0.414,19,8,32,24,3,5,19,115.0,99
75,0.6,23,0.391,12,5,33,31,9,5,18,113.0,111
87,0.391,34,0.265,15,14,34,29,8,3,16,102.0,92
87,0.563,20,0.6,21,11,27,33,10,1,13,111.0,131
86,0.442,30,0.333,26,17,30,26,10,4,19,104.0,112
92,0.413,34,0.176,19,10,24,29,12,3,17,118.0,101
91,0.462,37,0.378,14,8,32,25,14,4,14,106.0,112
76,0.421,31,0.355,25,3,26,26,7,2,13,125.0,100
87,0.437,32,0.281,23,11,30,25,7,4,13,117.0,108
77,0.558,31,0.484,26,10,41,29,10,9,23,91.0,127
77,0.545,26,0.462,12,7,30,29,4,5,15,116.0,108
90,0.433,17,0.353,13,14,29,23,7,6,16,119.0,97
104,0.394,23,0.261,20,15,34,20,8,3,10,129.0,108
76,0.474,24,0.375,26,11,29,20,6,6,19,111.0,107
86,0.593,28,0.429,19,8,31,34,10,4,11,104.0,133
92,0.38,29,0.379,28,12,30,23,14,7,17,114.0,109
84,0.464,29,0.276,17,10,32,25,6,4,13,99.0,103
84,0.357,20,0.2,23,9,35,13,7,3,13,112.0,87
80,0.525,22,0.364,26,8,35,26,3,3,14,120.0,118
89,0.472,31,0.419,26,10,42,27,6,6,15,119.0,123
92,0.511,30,0.4,15,14,39,31,11,4,19,98.0,121
87,0.46,20,0.2,26,10,30,20,9,6,11,123.0,110
82,0.5,21,0.333,11,12,39,22,8,5,18,92.0,100
79,0.418,28,0.321,23,9,35,19,10,8,14,94.0,98
77,0.481,35,0.314,18,6,35,24,4,2,17,114.0,103
95,0.453,26,0.231,22,12,34,25,7,4,10,121.0,114
90,0.467,28,0.357,26,9,39,28,7,3,10,112.0,120
86,0.488,23,0.261,17,11,36,32,7,3,14,117.0,107
92,0.478,23,0.565,21,10,34,29,6,4,9,116.0,122
86,0.523,26,0.346,13,7,33,30,10,2,13,110.0,112
93,0.473,27,0.481,21,10,33,20,12,1,19,131.0,122
89,0.449,28,0.429,23,17,25,20,9,2,17,135.0,115
95,0.411,35,0.343,18,7,31,17,7,4,11,116.0,108
85,0.4,29,0.276,12,10,31,14,6,3,17,111.0,88
79,0.392,34,0.382,25,5,45,18,3,8,16,93.0,100
84,0.452,40,0.375,35,9,30,20,12,7,13,122.0,126
104,0.481,39,0.333,21,14,28,25,10,4,9,133.0,134
98,0.469,38,0.395,27,12,36,18,9,3,8,131.0,134
91,0.473,35,0.314,27,7,34,19,8,6,10,121.0,124
90,0.489,43,0.395,12,9,32,24,5,2,11,122.0,117
92,0.467,39,0.59,16,13,26,30,7,6,9,115.0,125
95,0.411,31,0.387,20,15,49,18,7,5,12,102.0,110
90,0.5,42,0.452,15,9,26,31,8,5,12,128.0,124
91,0.538,30,0.433,29,9,33,27,10,9,16,135.0,140
92,0.489,37,0.486,12,14,33,28,7,5,21,131.0,120
86,0.419,28,0.25,25,12,38,22,5,9,14,110.0,104
80,0.413,26,0.192,17,5,32,17,10,7,13,95.0,88
89,0.506,35,0.486,14,9,37,20,9,9,11,105.0,121
89,0.472,39,0.256,17,10,31,22,9,3,11,123.0,111
87,0.494,32,0.406,18,9,30,26,6,6,16,127.0,117
81,0.519,31,0.419,28,7,40,24,7,11,15,104.0,125
88,0.557,33,0.485,16,6,43,27,6,4,11,107.0,130
94,0.5,28,0.286,15,13,29,14,9,4,17,129.0,117
89,0.461,30,0.3,9,10,35,14,5,5,14,106.0,100
85,0.447,31,0.419,17,8,33,24,8,4,17,118.0,106
84,0.488,30,0.433,12,9,32,20,6,5,10,104.0,107
94,0.457,27,0.37,19,13,33,20,7,9,14,128.0,115
97,0.371,37,0.351,19,16,35,21,7,3,11,111.0,104
93,0.473,29,0.241,22,12,28,21,5,3,14,138.0,117
85,0.471,42,0.452,16,5,38,20,9,6,14,109.0,115
97,0.454,40,0.425,9,10,33,14,9,4,9,117.0,114
92,0.533,37,0.486,9,9,41,28,2,6,12,117.0,125
91,0.396,31,0.29,18,9,27,16,5,6,9,127.0,99
92,0.511,29,0.517,15,14,37,20,4,5,12,107.0,124
97,0.505,36,0.361,16,6,34,25,10,8,5,119.0,127
89,0.517,36,0.361,20,10,40,24,8,8,18,112.0,125
90,0.544,35,0.571,21,12,31,27,1,7,15,129.0,139
91,0.505,39,0.538,12,11,32,20,4,4,12,133.0,125
100,0.44,44,0.318,27,12,42,21,4,11,12,124.0,129
91,0.429,32,0.375,16,12,28,11,7,7,12,119.0,106
85,0.518,30,0.3,15,8,32,25,6,5,12,120.0,112
95,0.432,36,0.306,24,12,46,22,6,4,7,107.0,117
83,0.506,37,0.432,15,9,38,26,4,5,13,112.0,115
95,0.389,36,0.278,17,8,40,17,6,4,13,122.0,101
96,0.365,37,0.297,21,14,27,14,9,6,10,116.0,102
95,0.568,47.0,0.447,7,9.0,35.0,37,12,2,14,122.0,136
88,0.489,26.0,0.423,15,14.0,31.0,27,4,6,20,106.0,112
87,0.471,37.0,0.27,20,5.0,36.0,29,9,2,17,129.0,112
89,0.427,40.0,0.3,18,13.0,37.0,19,3,4,15,119.0,106
93,0.538,33.0,0.485,24,13.0,26.0,26,11,3,8,125.0,140
104,0.413,43.0,0.372,8,8.0,39.0,26,8,3,10,114.0,110
91,0.495,28.0,0.286,18,9.0,30.0,30,10,0,14,132.0,116
95,0.484,38.0,0.316,16,8.0,34.0,22,11,2,15,129.0,120
81,0.407,41.0,0.317,27,8.0,43.0,22,1,1,12,102.0,106
103,0.408,48.0,0.333,23,7.0,35.0,23,11,6,10,131.0,123
66,0.515,28.0,0.393,19,2.0,25.0,26,8,0,18,104.0,98
90,0.467,31.0,0.258,21,10.0,40.0,24,5,7,11,118.0,113
85,0.482,39.0,0.538,20,11.0,36.0,30,9,3,14,111.0,123
79,0.532,29.0,0.379,13,4.0,33.0,23,7,4,17,125.0,108
89,0.562,29.0,0.448,20,8.0,34.0,23,13,2,15,126.0,133
91,0.407,35.0,0.257,23,17.0,34.0,18,8,7,10,100.0,106
91,0.418,38.0,0.289,17,8.0,39.0,24,11,3,9,101.0,104
91,0.451,35.0,0.343,14,12.0,33.0,30,6,2,15,112.0,108
76,0.526,30.0,0.433,19,2.0,38.0,25,7,4,10,94.0,112
89,0.449,31.0,0.387,20,11.0,37.0,25,11,4,13,103.0,112
83,0.506,39.0,0.487,26,3.0,24.0,22,9,2,10,125.0,129
99,0.414,39.0,0.308,17,10.0,30.0,26,7,2,5,130.0,111
101,0.416,43.0,0.326,13,10.0,39.0,23,6,5,13,123.0,111
86,0.523,35.0,0.543,13,8.0,31.0,25,6,2,10,102.0,122
82,0.488,44.0,0.432,6,6.0,30.0,29,8,3,14,97.0,105
75,0.507,27.0,0.519,23,7.0,27.0,26,7,7,16,109.0,113
91,0.429,44.0,0.318,21,13.0,31.0,21,5,4,16,129.0,113
88,0.5,41.0,0.512,15,11.0,36.0,27,11,8,10,103.0,124
91,0.462,39.0,0.231,7,11.0,28.0,22,6,2,13,120.0,100
88,0.5,40.0,0.45,27,9.0,35.0,27,6,8,15,129.0,133
81,0.432,32.0,0.313,18,7.0,35.0,24,8,8,13,81.0,98
98,0.429,35.0,0.286,12,12.0,33.0,23,10,1,10,127.0,106
106,0.415,51.0,0.255,12,16.0,33.0,27,11,3,15,118.0,113
86,0.488,26.0,0.385,7,7.0,30.0,20,3,3,10,123.0,101
96,0.521,33.0,0.364,11,11.0,31.0,28,5,0,8,127.0,123
87,0.517,31.0,0.387,10,4.0,40.0,25,6,4,12,114.0,112
96,0.458,35.0,0.286,8,6.0,39.0,26,8,3,16,127.0,106
84,0.44,36.0,0.417,25,8.0,33.0,18,8,1,15,103.0,114
81,0.481,30.0,0.5,18,6.0,37.0,27,10,3,22,98.0,111
85,0.447,21.0,0.571,27,14.0,37.0,20,9,3,20,117.0,115
90,0.489,34.0,0.412,26,7.0,34.0,26,9,8,12,123.0,128
80,0.413,28.0,0.286,13,11.0,30.0,20,8,5,15,105.0,87
85,0.529,34.0,0.382,12,9.0,26.0,32,5,4,12,120.0,115
84,0.488,31.0,0.387,16,7.0,29.0,19,3,4,12,112.0,110
107,0.346,39.0,0.231,21,16.0,51.0,20,8,8,12,105.0,104
79,0.494,20,0.5,24,9,35,24,4,8,15,118.0,112
93,0.495,32,0.406,18,9,50,28,10,5,22,105.0,123
89,0.449,28,0.393,31,15,36,22,12,6,17,113.0,122
89,0.506,22,0.409,20,8,39,27,10,5,13,111.0,119
93,0.495,30,0.367,23,10,25,29,10,5,7,132.0,126
93,0.495,26,0.462,26,13,31,21,7,6,14,132.0,130
86,0.419,29,0.414,24,12,37,22,5,6,16,106.0,108
90,0.533,25,0.44,22,9,33,32,6,4,15,120.0,129
95,0.484,27,0.259,19,7,41,29,8,8,12,111.0,118
92,0.457,26,0.423,24,12,45,21,4,11,24,124.0,119
77,0.455,23,0.348,14,11,28,23,6,6,22,113.0,92
89,0.517,32,0.469,12,6,34,32,11,10,11,109.0,119
98,0.439,26,0.385,33,6,38,20,15,6,9,132.0,129
92,0.467,34,0.294,24,2,36,25,3,5,6,139.0,120
80,0.475,32,0.344,17,6,27,25,12,5,10,103.0,104
77,0.519,32,0.5,15,3,30,21,6,5,14,116.0,111
84,0.524,31,0.452,12,4,27,28,11,5,17,113.0,114
92,0.424,33,0.333,14,13,42,22,8,7,15,109.0,103
103,0.369,38,0.289,16,14,29,27,5,1,9,131.0,103
91,0.44,20,0.5,23,7,41,22,12,7,6,104.0,113
84,0.488,25,0.28,25,7,39,20,9,7,11,106.0,114
85,0.482,32,0.5,22,9,27,33,7,1,10,127.0,120
81,0.506,24,0.292,13,8,33,23,7,4,14,122.0,102
92,0.446,28,0.357,25,8,31,25,9,3,4,125.0,117
91,0.44,27,0.481,9,7,21,21,6,2,6,129.0,102
95,0.421,37,0.324,13,6,40,21,5,9,6,108.0,105
87,0.517,28,0.357,14,7,37,27,13,2,10,90.0,114
82,0.561,31,0.258,27,4,31,23,5,2,9,120.0,127
82,0.463,25,0.4,23,12,35,21,2,6,11,110.0,109
82,0.415,37,0.432,22,7,41,27,5,8,16,110.0,106
78,0.423,25,0.2,28,10,33,19,9,8,14,103.0,99
89,0.506,27,0.407,20,9,35,17,7,4,11,117.0,121
87,0.494,31,0.548,17,6,25,30,12,7,8,118.0,120
85,0.424,33,0.364,23,9,34,27,5,4,11,102.0,107
98,0.459,29,0.276,22,14,34,28,12,6,15,121.0,120
89,0.438,33,0.303,12,6,35,22,8,4,8,106.0,100
87,0.437,32,0.219,22,9,42,24,6,5,11,104.0,105
87,0.483,40,0.425,20,5,32,29,3,6,11,134.0,121
87,0.552,29,0.31,24,8,41,28,9,6,14,114.0,129
88,0.511,35,0.543,17,10,44,23,4,2,11,104.0,126
92,0.413,32,0.344,31,11,39,20,7,0,8,127.0,118
92,0.435,31,0.419,10,14,31,22,1,8,8,109.0,103
96,0.469,31,0.452,13,10,43,30,6,6,10,113.0,117
93,0.57,35,0.514,12,7,44,30,8,7,11,109.0,136
83,0.482,29,0.276,10,5,40,18,9,7,13,102.0,98
76,0.461,34,0.471,16,7,39,24,6,4,21,104.0,102
89,0.427,36,0.333,16,10,41,17,10,3,19,100.0,104
92,0.315,46,0.152,15,15,43,11,3,8,18,114.0,80
86,0.488,32,0.344,22,9,37,16,6,0,14,114.0,117
92,0.446,41,0.341,23,7,47,20,8,6,15,107.0,119
79,0.443,32,0.344,17,8,40,15,2,4,13,111.0,98
84,0.44,35,0.371,21,7,39,22,2,3,12,123.0,108
106,0.358,44,0.318,13,11,37,18,5,6,16,107.0,103
89,0.438,42,0.381,22,14,36,20,7,4,16,115.0,116
90,0.389,39,0.333,18,8,32,24,10,2,19,128.0,101
84,0.512,39,0.462,17,8,35,25,7,3,12,103.0,121
97,0.351,43,0.302,11,12,24,19,12,2,10,121.0,92
79,0.43,24,0.208,32,4,48,17,9,2,13,86.0,105
87,0.425,36,0.417,24,8,34,20,4,5,15,121.0,113
77,0.532,26,0.385,18,11,36,19,9,8,21,94.0,110
89,0.517,40,0.5,19,10,31,30,14,4,13,120.0,131
92,0.38,38,0.289,21,14,45,22,9,7,16,97.0,102
71,0.521,30,0.333,14,7,34,19,6,5,18,84.0,98
79,0.443,25,0.4,25,4,35,16,9,7,16,104.0,105
96,0.49,31,0.387,20,10,28,26,8,6,4,103.0,126
75,0.613,24,0.417,12,2,31,25,13,8,14,107.0,114
81,0.42,28,0.321,17,8,35,16,7,7,13,109.0,94
91,0.363,35,0.171,14,5,31,14,8,3,14,133.0,86
84,0.488,26,0.346,21,10,27,20,6,4,9,108.0,112
76,0.553,30,0.467,26,7,30,25,8,7,11,122.0,124
87,0.575,22,0.455,21,6,48,28,7,7,12,103.0,131
87,0.46,26,0.346,24,14,30,19,12,3,12,101.0,113
92,0.5,27,0.481,18,5,35,28,11,5,7,118.0,123
85,0.459,31,0.355,17,6,29,19,8,2,13,114.0,106
86,0.453,27,0.407,22,12,32,14,3,3,10,112.0,111
76,0.513,23,0.217,25,9,33,21,4,6,11,101.0,108
81,0.469,26,0.346,24,5,35,21,9,6,12,103.0,109
97,0.433,31,0.226,20,15,26,26,13,4,12,107.0,111
88,0.5,34,0.441,17,10,35,32,9,5,13,100.0,120
86,0.395,30,0.4,17,6,42,23,2,4,8,107.0,97
80,0.488,24,0.458,24,3,40,20,8,9,11,104.0,113
86,0.581,25,0.56,26,6,39,28,6,5,14,111.0,140
76,0.605,19,0.474,19,0,36,22,10,7,15,114.0,120
92,0.435,32,0.375,20,7,40,14,8,6,12,107.0,112
83,0.518,22,0.318,26,12,36,25,5,4,12,106.0,119
84,0.44,46,0.391,16,6,29,29,4,5,10,115.0,108
85,0.506,42,0.381,19,4,27,32,14,3,18,130.0,121
82,0.5,30,0.4,23,7,44,25,4,6,15,104.0,117
92,0.467,31,0.29,15,5,32,23,6,6,7,125.0,110
87,0.494,32,0.344,16,9,43,22,8,2,13,92.0,113
75,0.413,28,0.286,17,7,37,17,1,6,18,92.0,87
101,0.436,47,0.404,18,8,38,22,10,8,12,122.0,125
85,0.388,40,0.3,11,10,26,19,8,5,13,111.0,89
86,0.395,44,0.386,15,8,33,23,4,5,12,93.0,100
88,0.466,40,0.325,9,6,33,23,7,5,13,103.0,104
90,0.4,40,0.275,16,7,34,25,10,7,12,102.0,99
84,0.369,40,0.25,22,7,33,22,10,2,14,112.0,94
101,0.554,47,0.468,16,12,45,39,9,6,10,122.0,150
91,0.505,38,0.474,7,8,48,35,8,4,14,92.0,117
87,0.437,35,0.257,19,8,36,22,7,6,8,99.0,104
85,0.471,44,0.5,32,9,38,26,4,6,11,110.0,134
90,0.5,35,0.514,9,13,38,27,8,5,19,109.0,117
90,0.444,43,0.419,27,11,36,28,8,7,12,121.0,125
97,0.433,40,0.3,18,16,39,24,11,6,13,106.0,114
71,0.479,39,0.385,25,5,35,25,17,7,25,99.0,108
89,0.427,38,0.263,14,9,39,20,8,7,17,122.0,100
78,0.487,33,0.364,21,3,41,25,6,2,15,99.0,109
67,0.433,32,0.5,33,3,36,19,6,3,21,103.0,107
84,0.417,34,0.412,23,7,44,24,7,5,14,92.0,107
80,0.45,43,0.372,18,6,40,23,6,6,28,117.0,106
88,0.386,44,0.386,25,13,41,23,6,4,13,104.0,110
71,0.479,34,0.294,16,7,36,25,8,3,19,91.2,94
83,0.434,36,0.361,16,14,39,22,9,2,18,92.0,101
82,0.476,48,0.396,21,2,34,27,10,3,9,113.0,118
84,0.476,41,0.317,28,3,36,28,10,3,11,113.0,121
86,0.465,34,0.412,29,9,38,17,9,5,15,114.0,123
89,0.461,38,0.263,26,8,28,24,9,4,11,133.0,118
95,0.347,43,0.233,20,14,31,19,11,3,5,99.0,96
91,0.352,52,0.346,15,9,34,21,4,5,16,108.0,97
92,0.511,44,0.386,16,10,47,32,9,10,17,81.0,127
80,0.525,37,0.378,20,7,41,24,7,13,22,101.0,118
90,0.378,43,0.302,10,6,36,21,6,4,13,101.0,91
89,0.573,33,0.515,18,9,32,29,15,4,18,126.0,137
95,0.474,35,0.4,15,13,35,22,6,5,7,118.0,119
88,0.477,38,0.447,14,8,31,28,12,3,16,106.0,115
86,0.5,32,0.375,21,7,30,27,12,0,10,118.0,119
84,0.56,34,0.471,19,12,34,28,6,5,15,102.0,129
85,0.518,27,0.333,8,7,35,26,6,7,14,92.0,105
84,0.488,32,0.375,21,9,28,23,13,3,13,109.0,115
97,0.495,43,0.302,21,10,42,26,10,6,12,114.0,130
99,0.414,50,0.32,12,14,36,31,11,2,8,106.0,110
81,0.506,35,0.486,19,5,26,25,10,6,7,112.0,118
86,0.465,33,0.394,14,8,45,27,6,2,12,95.0,107
92,0.413,42,0.31,33,12,33,25,13,3,14,117.0,122
91,0.516,35,0.371,15,7,35,25,13,9,14,112.0,122
79,0.38,34,0.235,10,10.0,38.0,16,6,3,12,80.0,78
75,0.453,36,0.5,21,5.0,25.0,20,8,3,10,119.0,107
78,0.5,34,0.471,13,4.0,31.0,23,7,3,15,117.0,107
73,0.575,29,0.483,31,6.0,31.0,14,2,0,10,127.0,129
84,0.512,37,0.486,20,13.0,37.0,27,9,2,10,87.0,124
87,0.517,44,0.455,14,11.0,25.0,32,5,7,6,105.0,124
97,0.474,47,0.34,17,16.0,36.0,18,6,4,15,135.0,125
101,0.465,46,0.326,9,12.0,31.0,25,7,5,8,112.0,118
82,0.476,46,0.457,15,11.0,27.0,28,5,6,12,122.0,114
105,0.448,55,0.4,16,15.0,36.0,34,6,4,22,134.0,132
91,0.418,37,0.432,19,10.0,39.0,25,8,4,15,119.0,111
84,0.452,45,0.4,30,11.0,35.0,25,5,4,17,115.0,124
83,0.446,43,0.279,22,7.0,35.0,25,8,3,21,116.0,108
87,0.391,31,0.258,18,12.0,23.0,17,11,4,14,110.0,94
84,0.44,34,0.235,24,12.0,31.0,17,11,6,20,104.0,106
85,0.447,35,0.371,23,12.0,42.0,18,6,3,21,107.0,112
81,0.444,40,0.35,15,6.0,41.0,25,9,3,17,99.0,101
65,0.508,24,0.417,12,3.0,21.0,17,6,2,15,98.0,88
83,0.398,43,0.372,10,6.0,28.0,24,12,4,11,101.0,92
77,0.519,33,0.303,21,9.0,31.0,17,10,4,9,105.0,111
80,0.45,45,0.378,10,8.0,32.0,23,8,7,18,94.0,99
81,0.506,36,0.278,20,6.0,31.0,26,5,5,11,104.0,112
83,0.566,41,0.488,12,8.0,39.0,30,3,7,15,113.0,126
89,0.494,37,0.514,22,15.0,39.0,23,7,5,15,119.0,129
89,0.449,40,0.3,11,13.0,28.0,16,5,3,9,114.0,103
68,0.471,26,0.385,37,5.0,25.0,16,8,2,19,131.0,111
90,0.467,31,0.226,19,6.0,40.0,18,1,2,13,120.0,110
82,0.427,33,0.364,22,6.0,41.0,25,4,6,17,113.0,104
85,0.482,36,0.389,20,10.0,43.0,23,6,3,14,101.0,116
78,0.59,35,0.429,16,10.0,35.0,27,5,2,21,119.0,123
86,0.488,38,0.395,15,10.0,38.0,25,2,4,15,113.0,114
91,0.495,30,0.333,17,13.0,43.0,21,6,2,15,114.0,117
86,0.419,39,0.359,9,7.0,39.0,20,5,1,14,98.0,95
94,0.426,41,0.439,9,11.0,26.0,19,6,4,9,124.0,107
78,0.462,37,0.459,11,5.0,30.0,24,4,6,16,106.0,100
84,0.44,38,0.368,32,12.0,31.0,18,4,0,13,127.0,120
85,0.506,42,0.286,19,2.0,36.0,24,7,3,17,126.0,117
91,0.44,43,0.349,17,12.0,42.0,22,5,6,13,107.0,112
93,0.538,40,0.425,12,15.0,41.0,31,5,3,9,96.0,129
87,0.54,31,0.387,12,11.0,42.0,22,5,4,21,88.0,118
85,0.506,42,0.333,23,10.0,37.0,24,7,4,8,101.0,123
100,0.46,39,0.385,25,11.0,32.0,23,9,6,13,138.0,132
92,0.5,36,0.361,13,7.0,34.0,19,8,3,8,107.0,118
90,0.533,30,0.333,21,12.0,32.0,24,6,2,11,116.0,127
79,0.506,42,0.429,11,9.0,31.0,28,9,6,15,92.0,109
92,0.489,25,0.56,18,12,37,30,5,6,18,126.0,122
90,0.5,33,0.394,16,9,46,36,4,3,18,106.0,119
89,0.393,29,0.241,30,14,30,26,8,4,8,122.0,107
91,0.407,42,0.333,11,10,32,24,14,3,22,108.0,99
83,0.554,31,0.355,18,12,46,24,6,4,19,92.0,121
91,0.473,29,0.379,18,9,32,21,7,3,14,124.0,115
93,0.398,43,0.279,13,8,35,25,3,10,13,109.0,99
91,0.462,30,0.233,15,3,36,27,5,3,12,108.0,106
93,0.452,41,0.317,38,10,29,25,9,5,13,140.0,135
96,0.469,42,0.452,19,11,43,32,10,3,17,110.0,128
88,0.386,33,0.242,28,10,41,21,10,8,20,119.0,104
78,0.397,32,0.375,9,6,35,24,5,3,19,90.0,83
76,0.5,29,0.379,28,7,32,24,7,5,20,120.0,115
87,0.494,33,0.364,20,15,43,27,9,6,16,101.0,118
84,0.464,30,0.3,9,9,38,29,7,4,19,121.0,96
100,0.43,44,0.455,12,18,41,21,8,5,11,79.0,118
92,0.5,32,0.438,21,14,46,30,12,8,14,88.0,127
95,0.453,31,0.323,9,15,36,27,10,4,7,88.0,105
91,0.429,30,0.267,15,10,42,27,7,5,12,104.0,101
108,0.398,39,0.333,13,22,27,28,9,3,14,140.0,112
89,0.416,27,0.259,16,11,34,20,6,7,13,124.0,97
92,0.457,15,0.333,16,16,34,22,9,1,16,117.0,105
85,0.506,30,0.4,27,11,40,25,5,5,19,129.0,125
95,0.474,23,0.261,15,15,42,26,8,9,12,104.0,111
102,0.422,32,0.156,15,13,49,19,4,4,13,99.0,106
93,0.409,21,0.238,26,9,31,25,13,6,14,119.0,107
89,0.528,25,0.48,15,10,42,27,6,4,10,107.0,121
90,0.467,17,0.118,10,7,40,27,6,12,11,82.0,96
96,0.469,31,0.194,15,11,23,17,10,8,11,139.0,111
86,0.5,28,0.464,28,7,37,25,7,3,11,106.0,127
82,0.561,18,0.333,6,6,35,32,12,11,16,96.0,104
84,0.524,19,0.421,18,8,38,25,10,8,25,109.0,114
79,0.544,22,0.5,28,8,41,27,6,4,14,112.0,125
85,0.424,32,0.344,12,5,35,24,7,8,16,119.0,95
103,0.447,33,0.273,15,15,36,26,8,3,14,126.0,116
89,0.506,28,0.321,14,7,37,32,11,8,12,109.0,113
91,0.505,37,0.351,16,7,35,29,6,9,7,110.0,121
100,0.45,35,0.314,21,18,42,33,17,7,16,102.0,122
100,0.52,38,0.421,14,11,38,39,5,6,8,121.0,134
89,0.517,28,0.286,19,9,35,22,12,6,15,112.0,119
83,0.542,42,0.429,13,3,39,31,4,8,16,114.0,121
96,0.51,39,0.462,24,11,43,36,8,10,9,114.0,140
93,0.484,34,0.382,20,8,34,31,4,0,17,128.0,123
93,0.484,35,0.286,17,14,37,30,5,5,14,104.0,117
84,0.488,30,0.3,19,11,34,32,5,5,17,119.0,110
88,0.386,26,0.385,18,18,38,22,11,6,18,90.0,96
95,0.411,35,0.343,23,11,33,22,2,3,11,126.0,113
92,0.413,36,0.25,18,13,31,23,6,3,15,121.0,103
90,0.422,27,0.37,21,10,30,22,9,4,13,118.0,107
85,0.424,21,0.333,19,9,39,17,8,5,15,107.0,98
94,0.436,30,0.367,7,9,36,30,6,7,13,111.0,100
88,0.455,31,0.29,21,10,36,26,6,6,12,118.0,110
91,0.462,22,0.364,20,8,28,18,7,2,18,125.0,112
89,0.461,34,0.294,24,9,33,27,7,7,16,123.0,116
101,0.356,31,0.258,20,22,41,13,9,1,12,105.0,100
85,0.365,34,0.265,11,13,21,22,10,1,13,89.0,82
74,0.473,35,0.4,38,9,28,23,8,4,16,115.0,122
78,0.333,47,0.404,18,4,25,19,11,2,13,100.0,89
76,0.474,31,0.484,31,9,29,24,9,4,16,112.0,118
103,0.388,35,0.314,13,18,30,27,8,4,10,125.0,104
80,0.513,38,0.421,28,2,29,28,10,5,14,133.0,126
82,0.488,30,0.667,24,5,29,24,10,5,13,110.0,124
98,0.459,37,0.378,15,13,28,23,12,4,11,129.0,119
96,0.427,39,0.385,13,9,30,22,9,2,11,106.0,110
98,0.48,35,0.429,25,6,35,27,8,0,17,137.0,134
73,0.507,30,0.4,31,7,27,24,15,3,24,126.0,117
106,0.387,37,0.243,17,17,30,24,12,3,11,113.0,108
84,0.476,28,0.357,24,6,34,25,13,7,13,96.0,114
89,0.539,32,0.344,19,9,35,28,11,6,17,114.0,126
100,0.35,33,0.212,22,9,41,25,7,4,7,106.0,99
90,0.5,38,0.5,10,8,31,28,8,4,13,118.0,119
83,0.506,22,0.409,24,2,33,28,6,4,11,125.0,117
100,0.44,32,0.281,16,18,33,21,9,8,9,107.0,113
86,0.477,37,0.378,25,19,38,24,3,6,18,107.0,121
94,0.468,32,0.438,29,11,24,28,6,6,10,151.0,131
88,0.477,33,0.333,38,8,26,20,5,7,11,152.0,133
85,0.553,36,0.444,14,7,34,28,3,3,10,112.0,124
99,0.505,42,0.31,16,7,34,30,10,5,11,134.0,129
82,0.512,24,0.375,13,6,38,22,9,6,19,100.0,106
89,0.449,35,0.429,16,13,30,19,9,3,26,140.0,111
79,0.468,27,0.407,21,7,31,25,8,6,16,115.0,106
93,0.505,22,0.318,15,9,28,28,5,4,9,127.0,116
112,0.375,29,0.345,17,19,38,26,11,1,9,101.0,111
84,0.429,23,0.261,11,10,30,24,8,5,23,123.0,89
84,0.464,21,0.333,14,7,40,18,8,9,14,94.0,99
91,0.549,16,0.375,22,14,35,20,5,6,11,114.0,128
90,0.422,33,0.333,16,14,27,19,5,4,12,122.0,103
87,0.379,31,0.29,26,9,37,18,5,4,13,122.0,101
84,0.512,37,0.459,20,9,31,26,13,6,9,105.0,123
96,0.344,25,0.4,24,14,35,16,15,3,11,107.0,100
84,0.464,35,0.314,17,6,26,25,10,3,8,124.0,106
80,0.363,38,0.289,15,5,30,21,8,2,11,96.0,84
86,0.465,30,0.3,16,10,28,24,4,2,11,111.0,105
86,0.465,43,0.419,9,9,27,27,8,5,17,114.0,107
80,0.413,42,0.429,16,7,35,23,6,4,14,106.0,100
90,0.489,32,0.406,12,10,21,27,14,3,10,111.0,113
81,0.407,41,0.366,17,12,21,24,8,2,16,115.0,98
86,0.43,35,0.314,19,11,33,18,7,5,11,107.0,104
83,0.482,37,0.351,13,7,39,25,3,5,21,126.0,106
92,0.435,45,0.4,14,9,38,28,5,7,20,116.0,112
82,0.354,35,0.2,11,19,33,21,4,5,21,87.0,76
69,0.493,29,0.448,11,3,25,21,5,7,16,95.0,92
89,0.427,38,0.289,14,14,23,19,7,1,9,108.0,101
95,0.484,28,0.429,12,14,28,31,9,2,6,108.0,116
98,0.347,26,0.308,6,16,35,21,6,2,14,96.0,82
94,0.511,31,0.452,18,11,32,33,4,2,11,123.0,128
79,0.354,36,0.306,25,13,32,18,5,6,15,105.0,92
83,0.506,26,0.385,21,9,32,25,6,5,16,125.0,115
84,0.452,35,0.343,12,9,28,18,8,7,17,115.0,100
104,0.413,35,0.371,12,14,38,20,5,3,8,121.0,111
91,0.429,32,0.344,23,10,27,23,8,1,7,125.0,112
73,0.534,29,0.414,37,3,45,19,9,4,17,106.0,127
89,0.427,32,0.313,14,11,30,19,10,5,17,106.0,100
86,0.593,32,0.469,19,11,30,31,12,8,17,103.0,136
78,0.603,32,0.375,10,3,31,30,8,4,11,103.0,116
99,0.404,32,0.344,19,5,38,27,11,8,9,117.0,110
78,0.462,28,0.321,18,12,30,22,7,4,19,108.0,99
98,0.49,20,0.3,10,19,27,20,8,9,15,115.0,112
91,0.462,33,0.394,18,10,30,26,8,3,9,113.0,115
78,0.372,26,0.423,30,6,37,21,8,6,16,106.0,99
83,0.518,27,0.407,14,9,37,24,13,5,21,104.0,111
94,0.426,33,0.212,25,12,33,20,10,1,11,126.0,112
79,0.38,14,0.286,17,10,33,14,10,5,17,104.0,81
90,0.444,36,0.333,17,10,30,20,9,5,11,136.0,109
86,0.535,48,0.396,21,11,37,32,5,5,14,102.0,132
84,0.512,30,0.333,13,6,24,27,9,1,13,125.0,109
87,0.46,35,0.457,11,6,23,30,14,4,16,119.0,107
85,0.4,31,0.355,14,11,25,21,13,2,24,114.0,93
87,0.448,35,0.171,15,10,38,19,7,6,15,112.0,99
86,0.477,39,0.333,24,12,24,29,6,4,14,133.0,119
92,0.446,37,0.324,21,11,44,27,6,6,14,107.0,115
89,0.449,42,0.357,16,5,29,23,8,2,7,122.0,111
85,0.424,35,0.314,22,10,36,15,6,3,18,103.0,105
87,0.448,25,0.44,19,14,37,21,7,5,17,101.0,108
93,0.419,36,0.306,14,9,31,25,5,3,11,127.0,103
82,0.451,34,0.5,18,15,35,20,7,4,14,98.0,109
104,0.471,48,0.396,21,8,27,31,9,6,3,143.0,138
70,0.529,32,0.469,19,6,24,29,7,1,17,99.0,108
77,0.494,33,0.394,23,9,25,24,7,2,13,114.0,112
82,0.476,29,0.414,13,14,32,25,4,2,17,104.0,103
96,0.354,35,0.229,9,12,35,22,7,8,10,93.0,85
78,0.436,30,0.433,18,11,47,23,3,8,17,96.0,99
83,0.47,30,0.333,19,10,27,25,7,4,14,101.0,107
93,0.333,33,0.303,8,13,26,22,10,1,11,119.0,80
88,0.352,35,0.343,12,9,36,22,5,2,12,115.0,86
74,0.473,28,0.286,25,9,35,22,9,4,17,93.0,103
92,0.467,34,0.412,15,12,40,22,7,4,13,108.0,115
88,0.375,36,0.25,12,13,32,19,10,3,10,76.0,87
87,0.437,36,0.306,13,12,27,15,5,4,10,116.0,100
83,0.47,33,0.394,19,12,41,22,2,2,17,125.0,110
89,0.461,31,0.29,9,15,31,24,8,2,12,112.0,100
83,0.422,36,0.278,10,6,31,29,5,7,17,114.0,90
99,0.434,30,0.3,12,16,22,32,9,4,7,121.0,107
88,0.386,32,0.25,21,16,35,22,5,4,13,92.0,97
86,0.372,39,0.359,25,8,31,24,6,3,13,116.0,103
76,0.382,33,0.303,15,9,30,21,4,5,18,106.0,83
81,0.407,35,0.343,8,9,33,28,4,6,14,100.0,86
90,0.444,38,0.474,14,10,32,24,7,3,8,115.0,112
86,0.419,35,0.229,12,8,29,25,10,3,14,100.0,92
75,0.467,26,0.308,14,7,30,20,6,3,20,109.0,92
86,0.442,37,0.405,19,13,37,30,6,6,17,112.0,110
81,0.457,30,0.333,20,8,30,21,3,3,11,115.0,104
85,0.494,25,0.44,28,16,37,27,5,5,17,120.0,123
83,0.446,38,0.395,20,10,29,25,5,0,11,106.0,109
86,0.395,34,0.353,12,8,33,25,7,4,17,109.0,92
86,0.43,31,0.29,21,11,31,23,8,4,14,117.0,104
101,0.416,39,0.179,11,17,37,26,8,4,15,104.0,102
82,0.402,34,0.294,17,2,25,26,3,5,3,119.0,93
85,0.459,29,0.414,17,11,25,20,13,4,14,114.0,107
91,0.407,37,0.351,11,15,20,25,12,3,9,100.0,98
81,0.481,30,0.433,19,16,35,26,5,8,16,102.0,110
91,0.308,32,0.156,24,17,39,18,4,5,10,107.0,85
79,0.38,31,0.194,17,11,49,21,9,5,20,73.0,83
88,0.409,35,0.429,26,15,32,20,2,6,8,108.0,113
85,0.447,41,0.39,22,11,37,22,4,4,13,107.0,114
90,0.4,31,0.355,24,13,31,22,8,3,11,122.0,107
83,0.434,40,0.425,15,10,24,23,6,6,19,111.0,104
87,0.46,48,0.438,5,11,33,30,11,7,13,91.0,106
84,0.452,25,0.28,21,14,39,27,4,7,19,109.0,104
101,0.366,45,0.333,7,15,38,21,4,1,12,137.0,96
